tree
version=v4
num_class=1
num_tree_per_iteration=1
label_index=0
max_feature_idx=99
objective=binary sigmoid:1
feature_names=atrp ret1 ret2 ret3 ret4 ret6 ret9 ret12 ret18 ret24 ret36 ret48 ret72 gap1 body range upper_wick lower_wick close_pos z5 ma5_gap z10 ma10_gap z20 ma20_gap z40 ma40_gap z80 ma80_gap ema5_gap ema9_gap ema12_gap ema21_gap ema34_gap ema55_gap rsi5 rsi7 rsi9 rsi14 rsi21 rsi28 stoch_k stoch_d stoch_diff mfi14 cci20 willr14 adx5 di5 bb_pos bb_width volz10 volz20 volz50 volz100 buy_pressure vol3 upfrac3 vol6 upfrac6 vol12 upfrac12 vol24 upfrac24 vol48 upfrac48 m15_ret1 m15_ret2 m15_ret3 m15_ret6 m15_ret12 m15_rsi7 m15_rsi14 m15_rsi28 m15_atrp m15_adx m15_di m15_ema9_gap m15_ema21_gap m15_ema50_gap m15_volz20 h1_ret1 h1_ret2 h1_ret3 h1_ret6 h1_ret12 h1_rsi7 h1_rsi14 h1_rsi28 h1_atrp h1_adx h1_di h1_ema9_gap h1_ema21_gap h1_ema50_gap h1_volz20 hour_sin hour_cos dow_sin dow_cos
feature_infos=[0.00010867716233207677:0.036424630524988087] [-0.072651280957964803:0.06107979260187224] [-0.1076077887737944:0.080746004737597188] [-0.11056924714455318:0.083167560655039052] [-0.12082763711411648:0.08030560838087597] [-0.15975654089385916:0.09676388050158069] [-0.1642477141077322:0.10840367433574327] [-0.17224897348433799:0.10678966397277745] [-0.1745115719867748:0.14014613151836652] [-0.18407320287023476:0.12523632798823603] [-0.17202824128751837:0.16020768722354961] [-0.20196360628053178:0.16491776556659943] [-0.21705124765226724:0.18091552361252772] [-0.0022411575562700792:0.0060508752800776389] [-8.1615264465551132:7.4567156862590078] [0.0056486829622672029:10.049080526178894] [0:4.9831755592576839] [0:6.0730482676666373] [0:1] [-2.0000000000506901:2.0000079417675889] [-0.07879938476737447:0.058733866480559893] [-2.984743587273964:3.0000000055364837] [-0.11646464745863039:0.075417855327470695] [-4.321116545668148:4.2861381203100857] [-0.14503266593870201:0.08532246607894578] [-6.0528083740857408:5.9904326578167568] [-0.16165905634392086:0.10118410728297311] [-7.5191029919239014:7.6621087099602212] [-0.18355148842179281:0.11571554986034727] [-0.067561462724466281:0.049008579243793982] [-0.094076234064185527:0.063631194146400727] [-0.10817002931405562:0.069851950176714972] [-0.13187676711432217:0.080390117276382789] [-0.14879216245497018:0.08708954289581472] [-0.16414057137647153:0.093291028860247538] [0.0022840424411852212:0.99482662296016799] [0.0077105950945095007:0.98451214132779197] [0.015213189020668949:0.9733367319270454] [0.032206438205059695:0.95142125060601301] [0.052137791157103236:0.92209906310258294] [0.070393852215696023:0.89559604760236378] [0:1.0000000000000002] [0:1.0000000000000016] [-0.33333333333333692:0.33333333333333615] [0:1] [-0.99703161348928016:0.99509157716108576] [-1:0] [0.058045542393473697:0.79346765940646957] [-0.76059776292468984:0.76214144420561514] [-0.58027913641703521:1.5715345300775239] [0.00049100218701746362:0.24946377407398193] [-2.8716043747083613:3.0000000000025437] [-3.5514916721475585:4.0665638586576005] [-3.3753242881860719:5.4428213537369547] [-3.4093683793110894:6.2180529123027952] [-1:1] [0:0.081019515423935512] [0:1] [3.492399204012445e-05:0.05785496908440696] [0:1] [7.066895650673495e-05:0.041426488752496014] [0:1] [0.00010990199595515899:0.030214993478600335] [0.125:0.875] [0.00012412421080703129:0.02147903172085695] [0.16666666666666666:0.75] [-0.12644703249046962:0.09719353984643897] [-0.1245640782994234:0.11137134658448389] [-0.12763183170247572:0.11549470170747678] [-0.14289836201411599:0.14014613151836652] [-0.16306787715178528:0.16020768722354961] [0.013299357380744255:0.98499504360441048] [0.041297376480642217:0.94422244381223985] [0.072654587073772633:0.89692649145390002] [0.0002956787995983507:0.041050558126041373] [0.052572012594061981:0.83075834920966618] [-0.77322383313608856:0.69116784326292557] [-0.10794005390033046:0.08888723018157374] [-0.12820877267243991:0.10499797915812503] [-0.15333460457803461:0.123812507336994] [-3.1320195605600603:4.0877094202195616] [-0.11577470676382751:0.095405155628931038] [-0.13775487423723765:0.11251581412459299] [-0.14829502436729569:0.16020768722354961] [-0.15910575359962853:0.17273374345416648] [-0.20351880557207236:0.196798713259138] [0.013505418028400839:0.97357180692187772] [0.054080040006987955:0.93538070186075883] [0.093724081986894983:0.88908546890700646] [0.0010410729406798692:0.048439090542888856] [0.069061861728979101:0.83400752389793908] [-0.73234784134612529:0.61249876421068494] [-0.11920831629530104:0.097330233599383531] [-0.15562682301919673:0.13650598472388675] [-0.19047246262525164:0.18314927523707492] [-4.2521554067476206:3.8122288896998033] [-1:1] [-1:1] [-0.97492791218182362:0.97492791218182362] [-0.90096886790241903:1]
tree_sizes=2674 2727 2738 2688 2711 2723 2739 2725 2723 2709 2704 2745 2728 2705 2736 2737 2697 2752 2742 2709 2735 2733 2730 2713 2737 2681 2706 2734 2733 2735 2709 2749 2727 2725 2675 2747 2762 2722 2738 2709 2737 2706 2731 2731 2738 2736 2731 2722 2709 2717 2729 2717 2731 2722 2736 2709 2727 2701

Tree=0
num_leaves=23
num_cat=0
split_feature=37 36 37 86 31 64 67 91 66 87 66 68 53 98 75 64 68 62 55 5 64 54
split_gain=714.623 249.724 91.0282 57.8378 37.7675 36.0977 35.7521 30.9691 27.5262 26.087 24.7348 22.2278 20.9364 18.1849 20.2853 17.781 17.6984 16.7962 16.6347 16.4121 16.0931 13.725
threshold=0.57232222269372135 0.35864029780343248 0.66163976638162525 0.50387464463112719 -0.00060690797447954237 0.0026428628450066664 -0.0012773427794582346 -0.35493405348105744 1.0000000180025095e-35 0.54154507112708805 -0.00025401817506687236 0.018001432920284114 -0.57363993772505928 -0.8783796973249266 0.27691643225006873 0.001487567631675618 0.0005979870040524472 0.0033081675456737348 -0.42820406306255027 -0.002172771191455924 0.0013026710928620889 -0.95959922603759151
decision_type=2 2 2 2 2 2 2 2 2 2 2 2 2 2 2 2 2 2 2 2 2 2
left_child=1 6 9 7 21 -6 13 -3 -9 12 -4 18 -2 -1 -15 20 19 -14 -12 -8 -11 -5
right_child=2 3 10 4 5 -7 16 8 -10 15 11 -13 17 14 -16 -17 -18 -19 -20 -21 -22 -23
leaf_value=0.025530038520680896 0.013842021307899355 0.0086339447635659927 0.011660434202029358 0.018810365026268164 0.011573147698359395 0.019049526162176034 0.012050321741750594 0.017483622749615374 0.014838616590216441 0.0081018292132414935 0.009254178395405618 0.013472004613416749 0.0098014850956174709 0.019103328278085883 0.022647769502624985 0.010658740736798521 0.02298274246798241 0.018281531145028822 0.0041215891511363918 0.017635510859201151 0.0014014868869118378 0.014581859531014226
leaf_weight=846.21015205979347 2357.6389790475368 495.4766680598259 640.46984034776688 885.95828032493591 8558.8469648659229 607.97137069702148 674.96821582317352 7067.9171725809574 7363.9032346308231 1718.6690680682659 753.71450766921043 301.73579129576683 3635.3288127779961 3773.822291135788 2730.6214153468609 2044.4037292599678 368.98262465000153 205.24033525586128 4821.0229785740376 1417.6832414567471 447.97890472412109 3413.5892544686794
leaf_count=3385 9431 1982 2562 3544 34237 2432 2700 28273 29457 6875 3015 1207 14542 15096 10923 8178 1476 821 19285 5671 1792 13655
internal_value=0.0137522 0.0160272 0.00862414 0.0145968 0.0131767 0.0120841 0.0201519 0.0158835 0.0161419 0.0103852 0.00583454 0.00521946 0.0116528 0.0212097 0.0206165 0.00855002 0.0169392 0.0102887 0.00479016 0.0157918 0.00662485 0.0154838
internal_weight=55132.2 38206 16926.2 28393.7 13466.4 9166.82 9812.29 14927.3 14431.8 10409.3 6516.94 5876.47 6198.21 7350.65 6504.44 4211.05 2461.63 3840.57 5574.74 2092.65 2166.65 4299.55
internal_count=220539 152831 67708 113580 53868 36669 39251 59712 57730 41639 26069 23507 24794 29404 26019 16845 9847 15363 22300 8371 8667 17199
is_linear=0
shrinkage=1


Tree=1
num_leaves=23
num_cat=0
split_feature=37 37 37 78 19 66 95 67 21 66 50 29 88 14 37 86 97 86 0 82 21 79
split_gain=717 233.872 84.7545 46.8732 42.0406 36.5182 30.1662 26.7343 25.3808 23.2665 20.8295 20.7606 20.5168 19.944 17.6758 17.4712 17.078 20.7003 14.6332 12.8729 12.5773 12.4118
threshold=0.57232222269372135 0.388823656222476 0.66163976638162525 -0.00087587378504044844 1.1035510587990291 -0.00062386604463765527 1.5781773491770132 -0.0013091465055985461 -1.5324585200432355 0.00091095682838038272 0.033061142391099793 -0.00058451472163595353 0.3630057801147058 -0.17555762623591756 0.45419508016149401 0.52703927740796275 -0.42261826174069955 0.57924029251176268 0.0012977061673797405 -0.0057805886992852154 1.2612780911669044 5.874722117904519e-05
decision_type=2 2 2 2 2 2 2 2 2 2 2 2 2 2 2 2 2 2 2 2 2 2
left_child=1 7 13 6 10 11 12 8 -1 -6 -4 -5 -3 -2 -8 -7 20 -18 21 -10 -15 -9
right_child=2 3 4 5 9 15 14 18 19 -11 -12 -13 -14 16 -16 -17 17 -19 -20 -21 -22 -23
leaf_value=0.0086862601615740383 -0.0011663802286695283 -0.001139981963396944 -0.0056413811536288458 0.0035307960011544477 -0.0058713146126697724 8.9988035834314811e-05 0.0015565357872000117 0.0086975473536737256 0.0073009885297297935 -0.011200983663041628 0.0031155707345878357 -1.1086148238817362e-05 0.0032296453162986532 -0.0040762757107580989 -0.0053496087740674209 -0.0024270807107930146 -0.0018095602883464546 -0.0058679717150563826 0.00184784284117543 0.0037575775588409802 -0.0083962003531390331 0.0010795272708954225
leaf_weight=3634.5900824666023 2506.1808237582445 1049.6945033669472 2096.7230079323053 2578.0904840379953 1137.483848258853 3993.5249883085489 601.46334293484688 672.69942231476307 1646.3314120918512 3023.7301183789968 256.24136300384998 3390.0816567540169 8729.1990827769041 1388.9611080139875 690.70959669351578 6264.9845155030489 3383.1310675442219 1781.9581667929888 2024.1069065630436 2627.9762763231993 1341.4648175537586 312.47618220746517
leaf_count=14540 10025 4199 8387 10313 4550 15975 2406 2691 6586 12095 1025 13561 34919 5556 2763 25061 13533 7128 8097 10513 5366 1250
internal_value=-0.000113434 0.00216105 -0.00525545 0.000672352 -0.0079494 -0.000349782 0.00217756 0.00587085 0.00679932 -0.00978324 -0.0046405 0.0015072 0.00275072 -0.00355367 -0.00207865 -0.00143932 -0.00429763 -0.00323574 0.00338645 0.00515725 -0.0062544 0.00640684
internal_weight=55131.8 38215.9 16915.9 27297.7 6514.18 16226.7 11071.1 10918.2 7908.9 4161.21 2352.96 5968.17 9778.89 10401.7 1292.17 10258.5 7895.52 5165.09 3009.28 4274.31 2730.43 985.176
internal_count=220539 152874 67665 109197 26057 64910 44287 43677 31639 16645 9412 23874 39118 41608 5169 41036 31583 20661 12038 17099 10922 3941
is_linear=0
shrinkage=0.03


Tree=2
num_leaves=23
num_cat=0
split_feature=37 37 38 1 77 86 74 95 47 1 93 4 55 84 21 84 97 82 49 70 67 70
split_gain=632.385 201.614 115.231 48.3638 30.7876 30.5357 32.5441 25.4564 25.0702 21.1883 26.9056 19.8324 19.7346 19.6801 19.5757 18.6612 17.333 16.2312 14.6641 13.9268 12.5475 15.1606
threshold=0.49429448010089105 0.61436027002162508 0.40096409760724488 4.4784976133915862e-05 -0.00019576741939897333 0.53998720416077217 0.0038038306105946901 0.93720034042970657 0.18950160756014992 -2.2139568530255002e-05 -0.00095316849539933679 -0.0014637718852825163 0.54904007532032673 0.045065480545511634 1.5166705312405588 -0.0027452065949319366 -0.15212338618991647 0.0024529271108898469 0.55665732460413919 0.015100372189819968 -0.00038374593480633429 -0.023839918690043534
decision_type=2 2 2 2 2 2 2 2 2 2 2 2 2 2 2 2 2 2 2 2 2 2
left_child=2 5 12 17 9 7 -7 15 -5 -4 -11 -6 20 -8 -10 -2 -9 -3 -13 -19 21 -1
right_child=1 3 4 8 11 6 13 16 14 10 -12 18 -14 -15 -16 -17 -18 19 -20 -21 -22 -23
leaf_value=0.0024618499701446767 0.0019533881932775523 -0.00021426185713161142 0.004018010476404035 -0.0046193142988511845 0.0020061618876914111 -0.0045360888974288263 -0.0011931885985675839 -0.0060552410321006445 -0.006428561835916221 0.0035150946754419323 -0.00053878151102615347 -0.0022339165077044482 0.0026182615662302031 0.0075881383267117535 -0.010108286017619223 -0.00088622911715512272 0.00020012465367700129 -0.0066271917089682211 0.0077142873612631863 -0.0011008094598026809 0.0037167138907668257 0.0076798484776725399
leaf_weight=618.12958386540413 4586.976622864604 1216.7335463613272 5723.1727858930826 2221.2248229086399 2278.302527487278 3731.6723749339581 4113.3755351901054 938.70465607941151 2629.7213791757822 2820.501740694046 3001.7827616780996 2735.8609212338924 1381.8002390116453 231.48874026536942 3293.216844394803 3750.5676178485155 639.96739807724953 1235.2364175468683 126.99329324066639 682.98701678216457 1262.1308961808681 5885.1918695569038
leaf_count=2473 18349 4867 22895 8885 9114 14927 16454 3755 10519 11283 12008 10944 5528 926 13173 15003 2560 4941 508 2732 5049 23545
internal_value=-7.08143e-05 -0.00309106 0.00334776 -0.00623559 0.00185464 -0.00111248 -0.00248068 0 -0.00746198 0.00271411 0.00141227 -5.95037e-05 0.00605671 -0.000688314 -0.00850329 0.000665699 -0.00347747 -0.00300739 -0.00173598 -0.0047221 0.00665282 0.00720225
internal_weight=55105.7 29271.9 25833.9 11279.1 16686.6 17992.8 8076.54 9916.22 8144.16 11545.5 5822.28 5141.16 9147.25 4344.86 5922.94 8337.54 1578.67 3134.96 2862.85 1918.22 7765.45 6503.32
internal_count=220438 117091 103347 45117 66752 71974 32307 39667 32577 46186 23291 20566 36595 17380 23692 33352 6315 12540 11452 7673 31067 26018
is_linear=0
shrinkage=0.03


Tree=3
num_leaves=23
num_cat=0
split_feature=37 36 71 49 12 67 35 53 73 55 89 94 55 2 73 14 93 40 68 69 46 94
split_gain=610.586 192.802 62.3836 60.1045 35.2546 31.7325 31.3398 22.9277 20.854 20.1785 19.9074 19.6461 19.2661 17.808 17.2683 17.018 17.0027 15.4896 16.1642 14.9278 12.6202 12.426
threshold=0.57232222269372135 0.35864029780343248 0.51140724190917586 0.98007309884733951 0.026737015278977431 -0.0012482041409726528 0.58091399209226091 -0.5633042521890993 0.53245778975492219 0.54904007532032673 0.006935402970875546 -0.031241987495126518 0.10712038599058582 -0.00048083512298974224 0.55367653960452612 -1.024121192264243 -0.01763876204042408 0.44192976652438626 -0.0015869802907683137 -0.022023296451229964 -0.0048570910080831956 -0.00040052643530613658
decision_type=2 2 2 2 2 2 2 2 2 2 2 2 2 2 2 2 2 2 2 2 2 2
left_child=1 5 6 7 8 15 11 9 -4 21 -8 -3 -5 14 -9 -1 -15 18 -7 -17 -14 -2
right_child=3 2 4 12 -6 17 10 13 -10 -11 -12 -13 20 16 -16 19 -18 -19 -20 -21 -22 -23
leaf_value=0.010243338872059424 0.0019193040678091799 -0.0010925385933922096 7.6730945366187682e-05 -0.0039457498570699542 0.0054789137153542387 0.0008846678082317245 -0.0044266208540864925 0.0024792172286434901 -0.0026055488027380137 -0.0044442805225569657 0.00077372793011724645 0.0028716814940249551 -0.0099695712082850853 0.0011309052870220665 -0.0039544552868343357 0 -0.0056347583779730983 0 0.0077567827174001786 0.0063804978785245549 -0.0013431646891772593 -0.0022974888140200036
leaf_weight=1111.1334216296673 1225.7168886512518 1191.392126083374 4683.4932010620832 833.22657559812069 705.44769193232059 585.16336359083652 933.19199754297733 543.74252514541149 5702.5609396696091 1720.4682220071554 2160.602744281292 13049.173824682832 2627.8931514471769 324.74218529462814 1091.4878896027803 358.15485948324203 7034.6490015536547 1094.8462415188551 735.61259138584137 5909.0847777724266 191.49272100627422 1262.4815272688866
leaf_count=4446 4903 4766 18735 3333 2822 2341 3733 2175 22811 6882 8643 52202 10512 1299 4366 1433 28139 4380 2943 23643 766 5050
internal_value=-2.88833e-05 0.00206716 0.000811974 -0.00478529 -0.000939003 0.00569645 0.00193743 -0.00382507 -0.00138843 -0.00195381 -0.000775083 0.00253318 -0.00821175 -0.00468751 -0.00175838 0.00668171 -0.00532287 0.00263481 0.00480928 0.00602061 -0.00942229 -0.000184851
internal_weight=55075.8 38219.9 28425.9 16855.9 11091.5 9794 17334.4 13203.3 10386.1 4208.67 3093.79 14240.6 3652.61 8994.62 1635.23 7378.37 7359.39 2415.62 1320.78 6267.24 2819.39 2488.2
internal_count=220323 152898 113712 67425 44368 39186 69344 52814 41546 16835 12376 56968 14611 35979 6541 29522 29438 9664 5284 25076 11278 9953
is_linear=0
shrinkage=0.03


Tree=4
num_leaves=23
num_cat=0
split_feature=37 37 36 71 35 84 97 98 86 86 55 97 20 71 3 50 26 20 74 14 42 50
split_gain=574.416 193.479 66.8794 49.7873 32.2867 28.6384 27.2625 25.9167 21.3965 21.3953 21.0381 19.2928 19.1551 18.3162 18.7746 17.4988 16.9424 16.7655 15.6737 13.6885 12.9499 12.4561
threshold=0.57232222269372135 0.37889341386238667 0.66220270964329342 0.50977378412039542 0.58091399209226091 0.023289323612353811 -0.78661891169205833 -0.8783796973249266 0.57085260150325134 0.50879542995790683 0.054364245369776257 -0.40274668985873718 0.00052266986547566685 0.35649732928664607 -0.0040414540589214778 0.024009738519522827 0.015083656052160223 -0.00069280429321177939 0.0038038306105946901 1.0000000180025095e-35 0.83734361676131674 0.0025302949998963066
decision_type=2 2 2 2 2 2 2 2 2 2 2 2 2 2 2 2 2 2 2 2 2 2
left_child=1 7 8 4 9 17 12 -1 21 -3 16 -6 -4 15 -15 -9 -8 -5 -10 -20 -14 -2
right_child=2 3 6 5 11 -7 10 13 18 -11 -12 -13 20 14 -16 -17 -18 -19 19 -21 -22 -23
leaf_value=0.0098079884833333127 -0.0071919002962535393 0.0033190012533123444 -0.0014610711282046665 0.00042101191318988791 -0.0040977043665219072 0.0036966336741128133 -0.0038986523841058238 0.0071441261278428758 -0.006644135254804763 0.00075235683108553256 -0.0066282522101394296 0.00085158545620344283 -0.0078930808969343794 0.0073849672410535201 0.0020691521795694933 0.0025257904945631747 0.0042752296933311583 -0.0020795641504152622 0 -0.0047216294776114207 -0.014175724697765882 -0.00081466442590491593
leaf_weight=1269.2418192327023 290.74692806601524 9335.1654286682606 238.24491684138775 3684.0104891359806 1083.4401355683804 1192.1334043443203 1737.9478040039539 4104.4463599026203 1569.728702172637 4410.0624950826168 4734.6417802125216 1955.1197759956121 749.19249865412712 802.44414235651493 2662.9255241006613 997.69347704946995 243.99337863922119 6690.304734274745 984.49220240116119 1209.9867422431707 738.4418685734272 4385.673957362771
leaf_count=5079 1163 37346 953 14737 4334 4769 6952 16424 6279 17642 18940 7821 2997 3211 10655 3992 976 26762 3938 4840 2954 17543
internal_value=6.20522e-05 0.00210087 -0.00454264 0.000838509 0.00188313 -0.000669864 -0.00643744 0.00572541 -0.0026314 0.0025032 -0.00552694 -0.000891282 -0.00987671 0.00509937 0.00334369 0.00626535 -0.00283079 -0.00118337 -0.00432223 -0.00259793 -0.0111456 -0.00124486
internal_weight=55070.1 38187 16883.1 28350.2 16783.8 11566.4 8442.46 9836.75 8440.63 13745.2 6716.58 3038.56 1725.88 8567.51 3465.37 5102.14 1981.94 10374.3 3764.21 2194.48 1487.63 4676.42
internal_count=220307 152772 67535 113411 67143 46268 33772 39361 33763 54988 26868 12155 6904 34282 13866 20416 7928 41499 15057 8778 5951 18706
is_linear=0
shrinkage=0.03


Tree=5
num_leaves=23
num_cat=0
split_feature=49 37 38 84 64 67 1 95 19 19 92 36 41 72 18 41 71 92 82 91 25 47
split_gain=528.091 184.381 63.4282 42.3262 49.6436 35.2326 31.2463 30.6745 29.665 23.4885 19.4032 18.1418 17.7793 17.3976 16.5526 27.8789 20.5606 16.73 16.0637 15.9768 14.2081 14.1447
threshold=0.71747289295626449 0.41417372446513973 0.61155304352466244 -0.00074817585575137613 0.001916120218956138 -0.0006544180843340296 -0.00032909551260512643 1.3275101640647535 -1.3420709092184298 -0.97400950378794782 -0.0024081202359065852 0.47245009650103903 0.29381831023975452 0.43566873550806406 0.6504065040650705 0.92351020614661561 0.50977378412039542 1.0000000180025095e-35 -0.0038008711847749006 0.05455604438769799 0.68811965882022064 0.18772980656191066
decision_type=2 2 2 2 2 2 2 2 2 2 2 2 2 2 2 2 2 2 2 2 2 2
left_child=1 5 14 7 9 8 -4 19 -1 -5 -10 -9 13 -7 17 16 -16 -2 -19 -3 -17 -8
right_child=2 3 6 4 -6 12 21 11 10 -11 -12 -13 -14 -15 15 20 -18 18 -20 -21 -22 -23
leaf_value=0.0075451812894621884 0.00031550204315305779 0.0028625497325078719 -0.0026067635700089461 0.00049385809282971398 0.0023468067468759685 0.0055431994123850085 -0.0042021655289426934 0.0025607666012227694 0.0059824248313231371 -0.0026743631588108784 0.0027452285130972528 -0.0044600617474625254 0.0034168981828744194 -0.0034404891023571077 0.0011220320610462445 -0.010904514039607289 -0.0041718531169705753 0.0059183946624862338 -0.0040952258828663981 -0.00045077475807160232 -0.003415489312935607 -0.0082276142372671723
leaf_weight=3871.7131284177303 2236.1614877283573 7983.9772794544697 1515.9578100591898 2830.8386011272669 3389.4808864146471 236.67982326447964 1090.107111915946 458.17472603917122 3157.1908928602934 7710.8753455877304 3927.5785855799913 1041.9328316450119 1901.0688183903694 839.34944267570972 895.7074312120676 696.70518387854099 2240.4285559356213 139.74641260504723 1976.9579916447401 1509.122717410326 416.71387888491154 5065.0241534858942
leaf_count=15495 8945 31940 6064 11324 13559 947 4361 1833 12634 30845 15716 4168 7606 3358 3583 2787 8962 559 7908 6037 1667 20263
internal_value=-5.06983e-05 0.00184775 -0.00458771 0.000298305 -0.000795307 0.00461075 -0.00657927 0.00169183 0.00540057 -0.00181539 0.00420691 -0.00225335 0.00166554 -0.00134875 -0.00279574 -0.00413798 -0.00263251 -0.00145824 -0.00336708 0.00232644 -0.0082371 -0.00753726
internal_weight=55131.5 38858 16273.5 24924.4 13931.2 13933.6 7671.09 10993.2 10956.5 10541.7 7084.77 1500.11 2977.1 1076.03 8602.42 4249.56 3136.14 4352.87 2116.7 9493.1 1113.42 6155.13
internal_count=220561 155462 65099 99706 55728 55756 30688 43978 43845 42169 28350 6001 11911 4305 34411 16999 12545 17412 8467 37977 4454 24624
is_linear=0
shrinkage=0.03


Tree=6
num_leaves=23
num_cat=0
split_feature=23 36 35 84 67 66 66 18 71 0 66 71 79 28 9 0 29 89 11 96 81 11
split_gain=520.647 148.995 82.8783 49.2704 32.5817 31.3685 30.5476 28.4492 23.8208 23.7787 21.2451 20.7653 19.5702 18.2467 17.4706 21.9709 15.7959 13.3001 13.0643 11.6283 11.3104 10.4458
threshold=0.75988769959772406 0.35864029780343248 0.65665144528118835 -0.0017890687472255638 -0.0014081619159379553 -0.00040740492044549764 -4.1199361894950208e-05 0.50641399634982454 0.67434784184309204 0.0029978597616917165 4.2378565748624204e-05 0.63081135461298443 -0.019657716570954494 0.023819029788505145 -0.0001412567592340985 0.0011444782208777781 -0.00052193015021667611 0.0043015901149215472 -0.0076465778521435648 -0.40274668985873679 -0.0063107261808954531 0.01085165702632407
decision_type=2 2 2 2 2 2 2 2 2 2 2 2 2 2 2 2 2 2 2 2 2 2
left_child=1 4 8 10 19 16 21 13 -2 -7 12 -9 -3 -8 15 -6 -5 -10 -12 -1 -21 -4
right_child=2 3 6 5 14 9 7 11 17 -11 18 -13 -14 -15 -16 -17 -18 -19 -20 20 -22 -23
leaf_value=0.0046594478967873047 -0.00050722732858275385 -0.0016091261840468793 -2.9320956709132103e-05 0.0029801001817260971 0.0079306062511999183 -0.0021134890467851141 -0.004346163040571286 -0.0057825241833965478 -0.014337625719452006 0.0021139741308335044 0.0028558905885687188 -0.0092594124798925752 0.004233511022501025 0.0063099759749125862 -0.0038760266418525419 0.0013840230641230019 0.00011031971124492377 -0.0036811132973463101 -7.1994746042647854e-05 0.010903281326264277 0.0065024924066384507 -0.0060030784864165002
leaf_weight=2815.0846128761768 4987.551053404808 543.14626787602901 1052.6608672440052 2876.8669912368059 652.20055575668812 7238.3700465261936 2483.7850784510374 3463.2825985401869 110.99477681517601 1405.6272040307522 2202.3855229765177 3335.8347776085138 5253.8507937192917 138.2422408759594 335.42041712999344 1700.9278194755316 4467.6200015544891 1942.1793390363455 3457.3188196122646 743.23624034225941 3523.3792268335819 355.95892514288425
leaf_count=11268 19951 2173 4211 11509 2610 28955 9936 13855 444 5623 8811 13347 21020 553 1342 6806 17872 7769 13831 2975 14103 1424
internal_value=6.25648e-07 0.00202324 -0.00420524 0.000885937 0.00520463 -0.000184994 -0.00585491 -0.00647406 -0.00165031 -0.001414 0.00238719 -0.00751269 0.00366876 -0.0037283 0.00232746 0.00326246 0.00124919 -0.00436753 0.0010545 0.00627943 0.00731385 -0.00163401
internal_weight=55085.9 37215.4 17870.5 27445.2 9770.25 15988.5 10829.8 9421.14 7040.73 8644 11456.7 6799.12 5797 2622.03 2688.55 2353.13 7344.49 2053.17 5659.7 7081.7 4266.62 1408.62
internal_count=220388 148898 71490 109794 39104 63959 43326 37691 28164 34578 45835 27202 23193 10489 10758 9416 29381 8213 22642 28346 17078 5635
is_linear=0
shrinkage=0.03


Tree=7
num_leaves=23
num_cat=0
split_feature=37 36 92 37 97 85 35 56 35 83 73 97 2 97 71 97 19 35 6 71 47 31
split_gain=499.083 176.878 60.9096 58.0291 31.2899 30.8914 28.0798 25.8092 18.554 19.5259 17.8596 16.8734 16.4856 17.9818 17.1506 15.2289 14.9162 14.0577 13.8513 12.6972 12.1958 12.0893
threshold=0.57232222269372135 0.35864029780343248 -0.0007973204240556141 0.66163976638162525 0.18436924984152961 0.02878421495874051 0.58091399209226091 0.0031519290706447114 0.18595992332325165 -0.0019804317177239956 0.56094501808801522 0.97381903846659756 -0.00049713713092935919 -0.43245347597985045 0.67150531587339002 -0.78661891169205833 1.4912741004102112 0.71493632734898638 0.0016342422228171618 0.80401189901336523 0.21283133935678594 0.00053469184061716313
decision_type=2 2 2 2 2 2 2 2 2 2 2 2 2 2 2 2 2 2 2 2 2 2
left_child=1 8 4 12 6 10 -3 15 -1 -10 -4 -7 19 17 -15 20 -9 -14 -6 21 -5 -2
right_child=3 2 5 7 18 11 -8 16 9 -11 -12 -13 13 14 -16 -17 -18 -19 -20 -21 -22 -23
leaf_value=0.0077760838070175383 0.0082051339856956691 0.0018859670092505698 -0.00042139447517066699 -0.0047453376268139077 0.0047373308373003182 0.0037806624562676007 -0.002768630468062363 0.0042687803460490416 0.0062622851346552273 0.0030824552193977699 -0.0029724399392067591 -0.0053526845296273228 -0.0041340989389558871 -0.001583654927375664 -0.0060637899691356233 -0.0061705238740843993 -0.0068039541878817033 -0.0093931749124744925 0.00094687055165970679 -0.0074627062084617925 -0.012059631751947872 -0.00015886889600445634
leaf_weight=2389.8327644020319 162.49464496970177 5778.5956911742687 10266.177654489875 351.35325638949871 4385.5153552144766 1862.289449185133 1439.1545532643795 299.69479838013649 3527.8695075064898 3829.4623685330153 3294.6096509099007 185.22841896116734 2381.343844011426 4720.0090166777372 942.41809472441673 4817.9444545209408 158.42351678013802 624.88620944321156 1166.3320372402668 181.99224451184273 889.378254160285 1404.2045501768589
leaf_count=9568 650 23120 41068 1406 17546 7450 5757 1199 14122 15327 13179 741 9526 18881 3770 19278 634 2500 4666 728 3559 5617
internal_value=2.36084e-05 0.00192877 0.000726795 -0.00425891 0.0022639 -0.000525638 0.000942884 -0.00648952 0.00541463 0.00462584 -0.00104954 0.00288867 -0.00284998 -0.00338596 -0.00235454 -0.00700842 0.000183871 -0.00528463 0.00396035 -0.000137667 -0.0101148 0.000698084
internal_weight=55059.2 38125.1 28377.9 16934.1 12769.6 15608.3 7217.75 6516.79 9747.16 7357.33 13560.8 2047.52 10417.3 8668.66 5662.43 6058.68 458.118 3006.23 5551.85 1748.69 1240.73 1566.7
internal_count=220292 152544 113527 67748 51089 62438 28877 26076 39017 29449 54247 8191 41672 34677 22651 24243 1833 12026 22212 6995 4965 6267
is_linear=0
shrinkage=0.03


Tree=8
num_leaves=23
num_cat=0
split_feature=37 37 37 14 74 84 71 95 3 79 22 1 28 80 10 38 6 91 53 97 45 80
split_gain=457.081 163.56 75.1948 33.4647 32.6693 31.818 28.3499 20.6927 19.0215 17.3141 28.7233 16.4527 16.0535 16.0341 21.1878 15.746 15.1856 17.2867 14.376 12.7783 12.4727 11.4688
threshold=0.46438514567616979 0.61436027002162508 0.31894053869412092 -0.15077518525800551 0.0041158371442540529 -0.0021186948358851705 0.63528498443555392 1.4915302168206066 0.00036689443973325636 5.874722117904519e-05 -0.0016555538413156044 -0.00050465464173637942 -0.012594960611330528 1.308677245880274 -0.025885217934087653 0.41230262753032837 0.0023321847955125601 1.0000000180025095e-35 -0.87572744346843534 -0.40274668985873718 -0.40703137932238748 2.5503322380024191
decision_type=2 2 2 2 2 2 2 2 2 2 2 2 2 2 2 2 2 2 2 2 2 2
left_child=2 4 12 18 5 7 19 -2 -8 13 -11 -7 20 14 -4 -15 17 -6 -3 -5 21 -1
right_child=1 3 9 6 16 11 8 -9 -10 10 -12 -13 -14 15 -16 -17 -18 -19 -20 -21 -22 -23
leaf_value=0.0057019232520202738 0.0010228394046070113 0.0066696812548242322 -0.00297998984321866 -0.0063571415184596365 0.0028084832812728176 -0.00031084266256554543 -0.0033752967002035543 -0.0075588710129587157 -0.0082736477961290241 0.0038161267587959089 -0.00042811877182659646 -0.0035241013155061039 0.0079219152915504555 0.0023767678878799246 0.0040174760235646744 -0.0045527926251320511 -0.001032370598243675 -0.00020082179679477538 -0.0023501632236399179 -0.0026546499965677136 -0.0060268138179874484 -0.0026553949224735122
leaf_weight=1183.0055512785912 3782.4845163524151 159.99408616125584 386.34535463154316 1353.0012966543436 3594.763421729207 1930.9304566532373 963.79192979633808 259.73429737985134 4216.5926941037178 2290.2745905220509 3728.37896938622 6406.967682749033 3388.7036406248808 914.65349544584751 8464.4569154679775 422.38105227053165 3523.4962282925844 3180.4860433489084 1861.8122593313456 2654.1507482081652 89.689541772007942 147.09670394659042
leaf_count=4737 15132 640 1546 5414 14381 7724 3856 1039 16875 9165 14916 25629 13569 3661 33873 1690 14095 12723 7448 10619 359 589
internal_value=-6.55769e-06 -0.00216355 0.00346684 -0.00512763 -0.000692932 -0.0017326 -0.00589977 0.000431915 -0.00738793 0.00247783 0.00117566 -0.002792 0.00676948 0.00323637 0.00369885 0.000103298 0.000548594 0.00138436 -0.00156278 -0.0039399 0.00391977 0.00469761
internal_weight=54903.2 33888.2 21015 11209.3 22678.9 12380.1 9187.54 4042.22 5180.38 16206.5 6018.65 8337.9 4808.5 10187.8 8850.8 1337.03 10298.7 6775.25 2021.81 4007.15 1419.79 1330.1
internal_count=219680 135575 84105 44852 90723 49524 36764 16171 20731 64851 24081 33353 19254 40770 35419 5351 41199 27104 8088 16033 5685 5326
is_linear=0
shrinkage=0.03


Tree=9
num_leaves=23
num_cat=0
split_feature=36 38 71 36 97 66 2 14 36 93 17 93 55 74 36 1 93 83 63 83 66 96
split_gain=440.638 152.744 46.2655 43.9929 30.6911 27.8106 24.0095 23.8515 23.0629 20.4411 19.478 19.3078 19.303 21.7172 17.0839 16.7173 16.029 15.461 15.4063 13.4692 11.5965 11.1343
threshold=0.59438704086053862 0.4138117310276615 0.5161718058415049 0.64830036037766103 -0.82531082829576841 -0.00054533703847847715 -0.00012117189876931221 0.061186212523680748 0.2483497459557831 -0.022842992901426658 0.7295270137109221 -0.0081897022589648132 0.17647058823539283 0.0043630454449282612 0.75398818627078834 -0.00012776392760083241 0.00028557788455985117 -0.036642915772092437 0.39583333333333343 0.0053906633733029627 2.1521401771251728e-05 -0.79989897227935913
decision_type=2 2 2 2 2 2 2 2 2 2 2 2 2 2 2 2 2 2 2 2 2 2
left_child=1 8 7 11 14 6 -4 9 18 -3 -7 -2 13 -6 -5 -13 -9 21 -1 -19 -14 -10
right_child=3 2 5 4 12 10 -8 16 17 -11 -12 15 20 -15 -16 -17 -18 19 -20 -21 -22 -23
leaf_value=0.0045289938154436955 0.0014664757506394261 -0.0033165143491978833 0.0023088325325936825 -0.0071186316562236365 -0.005166159545061744 -0.0016581187802960703 -0.0023306625552648201 0.001490804310496759 -0.010853570775805095 0.0031328769492464823 -0.010715929427200298 -0.00029859963717219351 -0.0022618043588002253 0 -0.014109223360789598 -0.004199613240383193 -0.0012658711029740618 0.0043234891685615135 0.0092075980122094774 -0.001298030180323856 -0.0065021118655809555 0.0012698790889442151
leaf_weight=1362.1700063794851 1006.9609858691692 449.1490266919136 3420.4517001211643 1296.565224468708 1528.5466942489147 7927.8263479173183 1394.162016928196 4777.6330947577953 95.706895306706429 7356.0436157882214 214.48794195055962 1473.1748278290033 768.29060223698616 1376.4384916126728 497.00485520064831 3365.4138924628496 3110.4215989410877 7421.5443119108677 1475.2086862623692 374.67044548690319 4258.7824493050575 157.93270139396191
leaf_count=5456 4028 1797 13684 5189 6116 31713 5577 19115 383 29433 858 5893 3074 5507 1990 13463 12443 29710 5909 1500 17045 632
internal_value=-5.55015e-05 0.00162636 0.000472843 -0.00433007 -0.00557237 -0.000849063 0.000944679 0.00156983 0.00465041 0.00274646 -0.00192061 -0.0022418 -0.00473632 -0.0027169 -0.00917314 -0.00303352 0.000392169 0.00379744 0.00701689 0.00404048 -0.00587771 -0.0032015
internal_weight=55108.6 39537.4 28650.2 15571.2 9725.63 12956.9 4814.61 15693.2 10887.2 7805.19 8142.31 5845.55 7932.06 2904.99 1793.57 4838.59 7888.05 8049.85 2837.38 7796.21 5027.07 253.64
internal_count=220515 158210 114620 62305 38921 51832 19261 62788 43590 31230 32571 23384 31742 11623 7179 19356 31558 32225 11365 31210 20119 1015
is_linear=0
shrinkage=0.03


Tree=10
num_leaves=23
num_cat=0
split_feature=37 36 35 66 79 97 67 87 64 97 35 81 91 56 98 29 12 54 27 55 89 55
split_gain=429.524 140.506 45.5377 40.5106 36.0873 37.2849 29.2492 22.9596 24.2222 19.678 26.9288 19.4663 18.5235 18.5119 18.1529 18.0043 15.8755 14.1436 11.9675 11.3249 11.1107 10.42
threshold=0.57232222269372135 0.35864029780343248 0.785852838510679 -0.00040740492044549764 -0.0020166167553144483 -0.23768589232617329 -0.0012482041409726528 0.53119491890209136 0.0015273511307112187 -0.32143946530316164 0.6938220873944333 -0.0045479543153924542 -0.35493405348105744 0.0014164239795484235 -0.8783796973249266 0.00080220594468793937 -0.017756893724758579 1.2272463086624306 1.4990263072058252 -0.79229627938824299 0.012796209532524449 0.20332641770395496
decision_type=2 2 2 2 2 2 2 2 2 2 2 2 2 2 2 2 2 2 2 2 2 2
left_child=1 6 7 11 5 -5 14 9 18 10 -2 -3 -13 17 16 -10 -1 -4 -9 -16 -6 -15
right_child=2 3 13 4 20 -7 -8 8 15 -11 -12 12 -14 21 19 -17 -18 -19 -20 -21 -22 -23
leaf_value=-0.0007724926738633751 -0.0014328372009213589 0.0050084527707687206 -0.006769236082283487 -0.0013297210782610765 -0.0018269274414334062 0.0034074418482458037 0.0018396645603650317 -0.0043700754740255334 0 -0.00083508128054619174 -0.0076818132723829573 -0.0092354366489139084 0.0015762322825167972 0.00069578371911011743 0.0080630134511252838 -0.0046889957813634137 0.011497467162196148 -0.012013822220714171 -0.0081810749671697002 0.0045368495045643824 0.0014857035219448787 -0.0055660403318122222
leaf_weight=91.840154051780701 1505.0977233201265 1592.3959201276302 1581.6670066565275 2527.8556714206934 9029.6026473790407 3567.9977104961872 2400.1410266757011 1666.070964038372 1357.3658665716648 4510.0129103809595 1109.9218383282423 132.48103787004948 10603.570447549224 311.58713772892952 1090.2178222090006 1596.3937977105379 735.04335941374302 821.12773752212524 1704.0231734514236 5438.9029184877872 975.63614192605019 747.4478132724762
leaf_count=368 6021 6372 6332 10114 36121 14276 9607 6666 5430 18043 4442 530 42424 1247 4367 6388 2945 3288 6819 21784 3903 2993
internal_value=-8.57416e-05 0.0016753 -0.00406626 0.000605001 -0.0003813 0.00142931 0.00478113 -0.00325974 -0.00458709 -0.00206425 -0.0041386 0.00189968 0.00142597 -0.0071552 0.00572486 -0.00253963 0.0100342 -0.00864118 -0.00634216 0.00515083 -0.00149376 -0.00365024
internal_weight=55096.4 38185.7 16910.7 28429.5 16101.1 6095.85 9756.15 13448.9 6323.85 7125.03 2615.02 12328.4 10736.1 3461.83 7356 2953.76 826.884 2402.79 3370.09 6529.12 10005.2 1059.03
internal_count=220480 152811 67669 113740 64414 24390 39071 53809 25303 28506 10463 49326 42954 13860 29464 11818 3313 9620 13485 26151 40024 4240
is_linear=0
shrinkage=0.03


Tree=11
num_leaves=23
num_cat=0
split_feature=36 36 71 36 1 0 66 66 18 74 86 68 86 91 79 3 39 18 86 22 67 54
split_gain=391.783 100.125 83.6231 35.3705 28.5252 31.3463 26.2783 26.1718 30.6594 25.9274 23.7072 21.3917 17.5773 25.8756 21.5331 17.1836 16.9619 17.0932 16.2688 14.7417 11.9153 10.3957
threshold=0.53054421233646143 0.64830036037766103 0.51140724190917586 0.32467376658399988 -0.00011803590071590707 0.0033021444813657089 -0.00064537001233788683 -0.00034901799532832673 0.51554979850320681 0.0037325344920989358 0.51729422335403996 0.00075303045926333756 0.50879542995790683 -0.25955988386875845 0.00092798866523458045 -0.0004162401314065089 0.42047039922663249 0.4090909090908601 0.35500789351531736 0.00044387026712910954 0.00071826161919419384 -2.1404483208745675
decision_type=2 2 2 2 2 2 2 2 2 2 2 2 2 2 2 2 2 2 2 2 2 2
left_child=2 9 3 16 6 -6 20 -3 18 10 19 -10 13 -5 -14 -12 17 -1 -9 -2 -4 -11
right_child=1 7 4 12 5 -7 -8 8 11 21 15 -13 14 -15 -16 -17 -18 -19 -20 -21 -22 -23
leaf_value=0.0073814203579178044 0.0022647478989260721 -0.00028506740960117623 0.0044099169794027801 -0.00094071479692105317 -0.0045105015466784778 0.0051039313519443078 -0.00076484494064325695 0.0043255606019177266 -0.0025157706398746763 0.0090372670467242025 9.2370566613381592e-05 -0.007622310661634552 -0.0015771909168409513 0.0036475754987654371 0.0024418872058429228 -0.005484558249861683 0.002181266013524892 0.0036724050908688859 -0.0036755964104717171 -0.0021091699630453021 -0.00052388713161974918 -0.00019410630911834313
leaf_weight=3040.7736431956291 962.66447681188583 931.38616608083248 1841.8877113908529 1210.5028141587973 2025.1282225698233 342.18169388175011 3670.3987529575825 233.68915352225304 940.08298748731613 101.24038717150688 573.17792703211308 5200.0973667055368 1857.3696118444204 9688.263549759984 3266.6784041523933 2634.1072028428316 1513.611318975687 2025.8549921959639 2457.6650870144367 2320.3266880065203 534.39598283171654 7749.0031113028526
leaf_count=12184 3851 3727 7370 4844 8101 1369 14683 935 3763 405 2293 20821 7432 38774 13070 10538 6062 8116 9835 9282 2138 30999
internal_value=3.73325e-05 -0.00282948 0.00226823 0.00321858 -0.000274858 -0.00306731 0.000806801 -0.00517425 -0.00567879 -0.00122441 -0.00262606 -0.00686048 0.00244455 0.00312932 0.000967284 -0.00446274 0.00508311 0.00592628 -0.0029341 -0.000796302 0.00326511 -5.22582e-05
internal_weight=55120.5 24103.4 31017 22603.1 8413.99 2367.31 6046.68 9762.92 8831.53 14340.5 6490.28 6140.18 16022.8 10898.8 5124.05 3207.29 6580.24 5066.63 2691.35 3282.99 2376.28 7850.24
internal_count=220592 96449 124143 90482 33661 9470 24191 39081 35354 57368 25964 24584 64120 43618 20502 12831 26362 20300 10770 13133 9508 31404
is_linear=0
shrinkage=0.03


Tree=12
num_leaves=23
num_cat=0
split_feature=49 37 38 64 1 37 93 8 76 72 66 66 69 74 10 83 0 66 49 21 26 6
split_gain=360.36 94.1498 51.6769 28.8577 28.6798 24.4698 26.0358 22.1144 21.483 20.4321 20.2112 18.2492 16.9561 16.3052 16.275 17.0251 15.0396 14.6793 13.7017 12.7908 12.3275 11.8294
threshold=0.69221914687589092 0.41417372446513973 0.60808229400995384 0.0011455381535829456 4.4784976133915862e-05 0.28021428395920783 -0.0027463034319316622 -0.00036426382433468735 0.15831370999038083 0.50146940319272926 -0.00046612802159523564 -0.00034901799532832673 -0.00061351946207466302 0.0058336603328509986 -0.025885217934087653 -0.0096730597009725399 0.0018737914976876425 -0.00048591022323224426 0.98766861776092518 1.318891865107233 -0.0025675026575490141 0.017935571336239135
decision_type=2 2 2 2 2 2 2 2 2 2 2 2 2 2 2 2 2 2 2 2 2 2
left_child=1 5 7 9 -4 16 12 -2 -8 19 -11 -6 -7 17 -5 -16 20 -9 -15 -3 -1 -13
right_child=2 3 4 14 11 6 8 13 -10 10 -12 21 -14 18 15 -17 -18 -19 -20 -21 -22 -23
leaf_value=0.011467719157464962 -0.0075959518436450341 0.0011003427044492251 -0.0024846459082529583 -0.0064669414172264092 -0.0020532395574093774 0.0054864939844819546 0.0013313238966091657 0.00067689684415601903 0.0095305429874649426 0.00046302531435590843 -0.0038110495759644176 -0.0074432085331293312 0.00020871668052066549 0.0018945999678983718 0.0038766011409602768 0.0009946148410142526 0.004662122938544822 -0.0028164669876189546 -0.0091820265704296699 -0.0048306752962561372 0.00069545811850609939 -9.9079668113050687e-05
leaf_weight=653.06936281919479 593.10286524891853 3888.6939728558064 2471.8401070982218 224.71125607192516 806.38307510316372 3877.5502260029316 6246.1113197356462 1265.1009449511766 297.01916791498661 1474.1269905716181 2838.102898851037 4729.3639985769987 680.30703391134739 1489.2938319444656 2201.7625589221716 12449.067273423076 2046.3507971167564 6069.5183419585228 95.933979883790016 343.72032898664474 134.47093465924263 232.22171020507812
leaf_count=2618 2373 15559 9891 899 3227 15528 25008 5061 1189 5897 11353 18942 2724 5958 8810 49806 8202 24284 384 1375 539 930
internal_value=0 0.001673 -0.00351723 0.000506285 -0.00526228 0.00362566 0.00296986 -0.00199234 0.00173123 -0.000876235 -0.00233145 -0.00643069 0.00472062 -0.00160157 0.00130652 0.00143621 0.00614346 -0.00220156 0.0011145 0.000587211 0.00977301 -0.00711847
internal_weight=55107.8 37355.1 17752.8 23420.2 8239.81 13934.9 11101 9512.95 6543.13 8544.64 4312.23 5767.97 4557.86 8919.85 14875.5 14650.8 2833.89 7334.62 1585.23 4232.41 787.54 4961.59
internal_count=220557 149507 71050 93699 32990 55808 44449 38060 26197 34184 17250 23099 18252 35687 59515 58616 11359 29345 6342 16934 3157 19872
is_linear=0
shrinkage=0.03


Tree=13
num_leaves=23
num_cat=0
split_feature=35 38 35 27 40 66 64 66 28 35 39 78 40 65 20 66 75 41 90 78 32 15
split_gain=359.776 123.637 56.0176 31.6674 28.5394 24.264 22.8442 23.5051 18.0955 22.7913 17.4177 17.2627 17.1442 16.8867 16.6745 16.0076 14.3223 13.9526 14.4772 12.7735 12.0888 10.9544
threshold=0.58091399209226091 0.40757720627941457 0.80343645223889826 1.3695135425549159 0.58454281440519396 -0.00050684570833342535 0.0013876306739423621 -0.0013150205977852101 -0.025058101720005551 0.13405248083314494 0.72270289773163687 -0.00013621124501056456 0.68491263613384212 0.48958333333333343 -0.00064447069105222343 0.0021105538792353111 0.29814309188982518 0.98721777937595723 0.23814666216304453 0.0044703343986266528 0.0014697430158329141 1.2637943987874904
decision_type=2 2 2 2 2 2 2 2 2 2 2 2 2 2 2 2 2 2 2 2 2 2
left_child=1 8 4 5 6 13 7 -2 -1 -10 20 -7 -6 -3 15 -5 -11 18 -12 -8 -4 -22
right_child=2 3 10 14 12 11 19 -9 9 16 17 -13 -14 -15 -16 -17 -18 -19 -20 -21 21 -23
leaf_value=0 0.0064649133524671181 0.00064442509133091994 0.00063906863622923034 0.0016352143403770378 -0.0055190274309031935 0.0013383028202374309 -0.0012059210109239171 -0.0034898927596716343 0.0094447428072373628 0.0034887679861965006 0.0092843897207729939 -0.00092398392532450112 0.0015878573240017619 0.0030477837079313161 -0.0047281954576892356 -0.0087367023175476677 0.0062277396169006837 -0.0083773568593612131 -0.0034656413133981241 0.0025122437568219462 -0.0063887097429561968 -0.011054681668953719
leaf_weight=711.83308884501457 205.71655172109604 4727.5163531601429 108.86334763467312 960.39165875315666 3540.4833085983992 5458.8198228478432 5038.0616767853498 6439.3161681890488 944.33243475854397 5547.8973667174578 131.55691936612129 6798.9354293197393 309.04350830614567 6274.260714456439 1384.1006775945425 144.98910647630692 2762.8184819072485 169.9311236590147 164.01720976829529 974.8983469158411 1107.5012113302946 1115.197063818574
leaf_count=2851 823 18919 436 3842 14174 21843 20157 25766 3787 22226 527 27198 1237 25107 5537 580 11068 681 657 3901 4437 4469
internal_value=-2.37436e-05 0.00175801 -0.00332407 0.000655101 -0.00264717 0.00100232 -0.00194475 -0.00315894 0.00459478 0.00494893 -0.0072632 7.64272e-05 -0.00492253 0.00202475 -0.00254408 0.000127943 0.00441652 -0.00167434 0.00203286 -0.000584971 -0.00832868 -0.00880911
internal_weight=55020.5 35715.9 19304.6 25749 16507.5 23259.5 12658 6645.03 9966.88 9255.05 2797.07 12257.8 3849.53 11001.8 2489.48 1105.38 8310.72 465.505 295.574 6012.96 2331.56 2222.7
internal_count=220223 142958 77265 103026 66058 93067 50647 26589 39932 37081 11207 49041 15411 44026 9959 4422 33294 1865 1184 24058 9342 8906
is_linear=0
shrinkage=0.03


Tree=14
num_leaves=23
num_cat=0
split_feature=36 36 39 74 84 66 12 49 10 19 77 55 21 29 93 74 84 93 66 88 19 85
split_gain=357.233 78.6218 77.173 37.6589 37.3183 26.4113 25.7123 22.2607 18.9862 18.6369 26.0325 18.1053 14.7323 14.0205 19.7306 13.8641 13.7535 13.1136 13.8006 13.0029 12.7932 12.7353
threshold=0.51674809843137237 0.74861816946308013 0.43097422415487069 0.0037325344920989358 0.00024477129596667263 -4.1199361894950208e-05 -0.029014277144167596 0.69221914687589092 0.021050576440993177 -1.3016798401419478 0.00027421993962339913 -0.27480295413645756 2.0312964584888058 -0.00028774633108064046 -0.004999750753595932 0.0063701658033326457 0.025090866805959514 -0.022842992901426658 -0.00062386604463765527 0.34542269785591784 1.4912741004102112 -0.037956677964673051
decision_type=2 2 2 2 2 2 2 2 2 2 2 2 2 2 2 2 2 2 2 2 2 2
left_child=2 3 6 4 11 -6 21 -5 -3 17 15 -2 -9 19 -15 -11 -12 -4 -19 -8 -10 -1
right_child=1 8 9 7 5 -7 13 12 20 10 16 -13 -14 14 -16 -17 -18 18 -20 -21 -22 -23
leaf_value=0.0035458564290319458 0.0017589081473433699 -0.0080641781981055302 -0.007708961200400535 0.00093371325749038001 -0.001640462549787767 -0.0063432825954786399 -0.00027457142370596114 -0.0013223386472358506 0.0019221742017377825 0.00097883527756240812 -0.002385231848040729 -0.0023452323730468543 -0.0066753254852541201 0.0056133697112416879 5.0978106227084805e-05 0.0044612099604049984 0.0036772708123797341 0.0044264228903553365 0.0011481626014686593 0.0059926249586333222 -0.0076001496395411636 -0.0022361362310592838
leaf_weight=648.59250603616238 1267.5264391154051 2507.1735115647316 90.709953039884567 4605.8497525453568 1610.5657870322466 3677.0758638679981 282.4582204669714 7534.2422446906567 324.90920096635818 9061.6699731498957 2894.9374058097601 3765.0485504716635 495.95008112490177 1195.4404441565275 1159.1872650980949 1178.84812502563 361.3994615226984 2786.9820607304573 2137.1319253742695 6593.5546207129955 187.37518851459026 693.18274416029453
leaf_count=2597 5071 10049 363 18426 6444 14717 1132 30149 1301 36261 11581 15066 1986 4786 4641 4718 1446 11157 8551 26427 751 2777
internal_value=0.000125646 -0.00242909 0.00241049 -0.00182339 -0.00316963 -0.00493364 0.00445752 -0.000715128 -0.00698318 0.00123475 0.00064487 -0.00129226 -0.00167203 0.00502222 0.00292485 0.00139245 -0.00167564 0.0028 0.00302706 0.00572208 -0.00146726 0.000497762
internal_weight=55059.8 25975.7 29084.1 22956.3 10320.2 5287.64 10572.4 12636 3019.46 18511.7 13496.9 5032.57 8030.19 9230.64 2354.63 10240.5 3256.34 5014.82 4924.11 6876.01 512.284 1341.78
internal_count=220397 103960 116437 91859 41298 21161 42360 50561 12101 74077 54006 20137 32135 36986 9427 40979 13027 20071 19708 27559 2052 5374
is_linear=0
shrinkage=0.03


Tree=15
num_leaves=23
num_cat=0
split_feature=23 36 35 86 86 29 89 66 85 56 66 12 66 54 51 77 79 96 89 1 70 56
split_gain=323.331 84.6969 48.1019 35.5711 30.2191 29.6705 27.799 20.8948 20.0807 18.3814 18.3077 22.4076 15.7649 15.6035 15.1847 15.0164 14.3559 13.8831 13.0218 13.093 12.0551 20.7127
threshold=0.75988769959772406 0.33324431664871207 0.785852838510679 0.50728741412512879 0.56922808390499335 -0.00032816001686986057 0.013943284176292559 -7.8302015328601801e-05 0.0020648771965201544 0.0015008985439370968 1.0000000180025095e-35 -0.029014277144167596 0.00018107026191072076 1.1303732457045548 2.4255906060500121 0.0012272681208617133 0.0029085505755995782 0.61734245059639015 0.0059836018088724628 0.0022151235724041656 -0.0029905289190984559 0.00031386362584852372
decision_type=2 2 2 2 2 2 2 2 2 2 2 2 2 2 2 2 2 2 2 2 2 2
left_child=1 14 4 10 12 15 -7 -6 -9 16 11 -3 -2 -12 20 -5 17 -4 -11 -20 21 -1
right_child=2 3 9 5 7 6 -8 8 -10 18 13 -13 -14 -15 -16 -17 -18 -19 19 -21 -22 -23
leaf_value=0.01225967780565424 0.00060509063393314531 -0.0028954045400844475 -0.0074586659735298884 0.0024192833651480047 -0.0012387213005507719 -0.0019041425675166207 0.00495593939811947 -0.010762450956711017 -0.004435304598467687 0.0073568314383499808 0.0011689692392137651 0.0033299519354554486 -0.0021921723107811426 -0.0043795838900498084 0.011435744848810667 -0.00061856038509521167 -0.010112585365648165 -0.00020469518974809326 0.00054809254118497273 -0.0067598419061076801 0.0025925422739932836 0.0045012506402185379
leaf_weight=348.62319867312908 2523.4613137543201 536.66824778914452 786.35457000136375 4099.3139217942953 1665.6015089452267 7412.0590248256922 556.88002814352512 543.77689760923386 3713.934540271759 87.575481072068214 6893.8234240710735 7392.496291950345 6024.6009990423918 473.2935431599617 276.26397803425789 2207.1314018964767 1313.5329992473125 376.27191822230816 325.33135579526424 552.94885385036469 2976.3691001832485 4045.7887341827154
leaf_count=1398 10096 2148 3152 16404 6665 29652 2228 2177 14868 351 27586 29592 24109 1894 1108 8830 5267 1508 1303 2217 11928 16223
internal_value=2.17837e-05 0.0016172 -0.00328706 0.000884933 -0.00251553 -0.000186419 -0.00140786 -0.00416839 -0.00528779 -0.00648808 0.00189013 0.00289415 -0.00135614 0.000794854 0.00443234 0.00134255 -0.00787687 -0.00520951 -0.0027912 -0.00397583 0.00414252 0.00516362
internal_weight=55132.1 37218.7 17913.4 29571.7 14471.4 14275.4 7968.94 5923.31 4257.71 3442.02 15296.3 7929.16 8548.06 7367.12 7647.05 6306.45 2476.16 1162.63 965.856 878.28 7370.78 4394.41
internal_count=220704 148991 71713 118334 57915 57114 31880 23710 17045 13798 61220 31740 34205 29480 30657 25234 9927 4660 3871 3520 29549 17621
is_linear=0
shrinkage=0.03


Tree=16
num_leaves=23
num_cat=0
split_feature=37 36 35 66 86 86 64 60 55 21 91 55 39 10 2 44 47 86 19 96 46 15
split_gain=316.65 88.136 42.3068 34.2542 38.6103 28.7462 26.086 23.908 23.6623 21.9548 16.5807 16.5776 15.7776 15.5528 14.5463 14.171 13.8248 12.6279 12.1729 11.685 10.7354 10.2704
threshold=0.57232222269372135 0.33324431664871207 0.80343645223889826 -0.00052588214888549245 0.51895505475049808 0.56922808390499335 0.0014794702437295408 0.00098976662941511594 0.17647058823539283 1.246992120094478 -0.31238765350247061 0.55670103092780376 0.43097422415487069 -0.032283133315126382 -0.00063481934167897147 0.44507668947301238 0.188589032149863 0.53318029609558948 -1.1802576310296355 -0.83743052905771542 -0.97276495585856193 0.60153044825650348
decision_type=2 2 2 2 2 2 2 2 2 2 2 2 2 2 2 2 2 2 2 2 2 2
left_child=1 12 5 13 10 8 16 -6 14 -4 -5 -8 15 -3 -2 20 -7 -10 -15 -17 -1 -14
right_child=2 3 9 4 7 6 11 -9 17 -11 -12 -13 21 18 -16 19 -18 -19 -20 -21 -22 -23
leaf_value=0.0094975509669924345 0.0046339898619446353 -0.0073502554095961591 0.0035565657344803128 -0.0038832714656835891 -0.0037021389262988581 -0.0022013281806642156 -0.00084559908826157518 -0.00018477572032600851 -0.0035951174862252164 -0.0074290972843217788 0.0013747420112688068 -0.0055996828495545707 -0.0042851331729156323 0.0036364540983676702 -0.000489916183163355 0 -0.007295085499974323 0.00068306763741061982 0.0015045198219189879 0.013037030909661634 0.0042561864501040507 0.0026618768770704814
leaf_weight=412.67610554397106 596.17953981459141 145.93553097546101 157.24040216207504 553.32807460427284 3190.3634552061558 680.13102556765079 2278.8137759417295 3937.4908962398767 3769.3514754474163 2671.7726520299911 9925.4000308960676 958.54139724373817 200.47176605463028 3384.3499008119106 2711.8193044662476 90.025049105286598 2415.4896625876427 698.91019381582737 9503.9063299000263 338.64684036374092 5075.9714486151934 1549.2966128885746
leaf_count=1656 2385 584 630 2214 12763 2723 9120 15752 15087 10716 39718 3838 803 13547 10851 361 9673 2798 38036 1358 20359 6207
internal_value=2.54217e-06 0.0015144 -0.00341027 0.000790341 -6.79209e-05 -0.00272463 -0.00423182 -0.00177471 -0.00148177 -0.00677642 0.00108507 -0.00229385 0.00439151 0.00195574 0.000417591 0.0051398 -0.00621562 -0.00290581 0.00207371 0.0105409 0.00468319 0.00179498
internal_weight=55246.1 38307.9 16938.2 30640.8 17606.6 14109.2 6332.98 7127.85 7776.26 2829.01 10478.7 3237.36 7667.09 13034.2 3308 5917.32 3095.62 4468.26 12888.3 428.672 5488.65 1749.77
internal_count=221179 153358 67821 122614 70447 56475 25354 28515 31121 11346 41932 12958 30744 52167 13236 23734 12396 17885 51583 1719 22015 7010
is_linear=0
shrinkage=0.03


Tree=17
num_leaves=23
num_cat=0
split_feature=71 36 36 97 19 30 64 66 84 91 47 97 14 2 82 72 67 81 50 60 91 66
split_gain=270.342 85.7272 71.2609 39.2112 31.8261 27.9844 25.2237 21.663 21.2947 21.2582 20.9457 20.6497 17.9792 16.8554 15.633 14.6856 14.5514 13.7422 13.7233 13.6402 12.1698 11.9168
threshold=0.50977378412039542 0.65065047775184814 0.3853848166147793 -0.32143946530316164 -1.3016798401419478 0.00083181666202181159 0.0026713602639930724 -0.00034901799532832673 -0.0016039093856283213 0.019881169371036834 0.28296964829832988 -0.78661891169205833 -0.66088589486271399 0.00029977266108882633 0.0055496874246693259 0.55758609157795991 -0.0004100114999794901 -0.0098131303690898713 0.010202706062461384 0.0015445162064303458 -0.35493405348105744 0.00047214995205857596
decision_type=2 2 2 2 2 2 2 2 2 2 2 2 2 2 2 2 2 2 2 2 2 2
left_child=2 4 12 5 -2 17 9 -3 20 -6 -7 13 21 -9 16 -13 -14 -4 -10 -8 -5 -1
right_child=1 7 3 8 6 10 19 11 18 -11 -12 15 14 -15 -16 -17 -18 -19 -20 -21 -22 -23
leaf_value=0.0065247709726410199 0.0016557993438574628 0.00023332978757615306 0.0061638550026759135 -0.0024909013602246012 -0.00067303219987975495 -0.0011033697223019716 0.0094195137412711287 -0.0013508844823375114 -0.00059609864392805073 -0.0030830341884044979 -0.0085020757529080532 -0.002047733500839255 0.0040032240392875061 -0.0095395415637869463 -0.0019383047412207797 -0.0052076088505017687 -0.00016409345052430848 -0.00022778118901227559 0.0039422835319577855 0.00092777257963747972 0.0034372948881896291 0.00054970385010285033
leaf_weight=2954.7487387210131 3508.2081658542156 750.93287970125675 311.27027562260628 303.68784345686436 6500.6505964249372 792.88766892254353 192.71004918217659 309.06602276861668 3039.1735233962536 6933.0862130075693 651.99549697339535 2125.7748218774796 6475.232909694314 1318.6195346415043 474.97474953532219 4190.3670939952135 805.83602760732174 5055.0328971147537 732.70156118273735 1327.9335043281317 6101.2251540869474 373.52852448821068
leaf_count=11853 14039 3006 1246 1215 26007 3173 771 1238 12160 27740 2609 8514 25956 5289 1903 16795 3227 20229 2932 5313 24419 1497
internal_value=6.77722e-05 -0.00206412 0.00213339 0.000904659 -0.000900333 -0.000847019 -0.00150671 -0.00452112 0.00208555 -0.00192489 -0.00453935 -0.0049816 0.00400593 -0.00805737 0.00318153 -0.00416326 0.00353007 0.000136998 0.000269795 0.00211723 0.00313874 0.00588481
internal_weight=55229.6 27157.3 28072.3 16988 18462.6 6811.19 14954.4 8694.76 10176.8 13433.7 1444.88 7943.83 11084.3 1627.69 7756.04 6316.14 7281.07 5366.3 3771.88 1520.64 6404.91 3328.28
internal_count=221131 108712 112419 67983 73870 27257 59831 34842 40726 53747 5782 31836 44436 6527 31086 25309 29183 21475 15092 6084 25634 13350
is_linear=0
shrinkage=0.03


Tree=18
num_leaves=23
num_cat=0
split_feature=35 77 71 89 21 67 97 46 21 64 4 47 89 81 4 86 46 83 28 96 75 97
split_gain=261.149 69.5555 60.0074 35.0368 29.9995 27.9929 25.2681 28.7507 25.6798 23.1398 23.0771 22.5819 20.3189 18.1096 15.3654 16.5071 15.0702 14.5271 14.3449 14.0128 13.1058 12.2162
threshold=0.55523386097735405 -0.00032725597646959809 0.67150531587339002 0.0079648058520592809 -1.5511477718082369 -0.0004366751050736139 -0.30070579950427329 -0.17113043478260132 1.6874138825036951 0.0010272780522013641 0.00065249122793509262 0.20727517768769227 0.0033649832597788094 -0.0074412161926584721 -0.0010770473325438787 0.53998720416077217 -0.28362725548665096 0.0019962747612745084 -0.013655832984231784 -0.75894212529897742 0.11859047870688624 -0.78661891169205833
decision_type=2 2 2 2 2 2 2 2 2 2 2 2 2 2 2 2 2 2 2 2 2 2
left_child=1 4 3 10 5 19 7 -5 -8 -4 -2 -12 -3 18 -14 -16 -11 -18 -6 -1 -15 -7
right_child=2 12 9 6 13 21 8 -9 -10 16 11 -13 14 20 15 -17 17 -19 -20 -21 -22 -23
leaf_value=0.0023782420594557208 -0.00052820232730460017 -0.0063682594947229668 -0.0086638951780165195 -0.00030270040464620168 0.001817024003875325 0.0063517964053206467 0.0018449516074649031 -0.0062591769492377153 -0.0029447420787049481 -0.0008774413505943802 -0.0020909188641807007 -0.0062779888426033898 0.001490496680689023 -0.0033834441691797364 0.00097909804395420472 -0.0018556380019427296 -0.0004127631445729058 -0.0058648615844430407 0.0066352692533859893 0.006665554412716739 0.0019052637112939074 -0.0045288029925940679
leaf_weight=974.26394663751125 2207.4919298738241 418.37066258490086 1301.9571046829224 2088.8132456839085 1055.7534996122122 108.80901144444942 4785.8559249192476 1140.8925132453442 1255.3117368817329 1114.6212192922831 2339.6071766465902 2499.5014539361 5416.3260367959738 416.12086360156536 3252.4809783399105 4186.9372003227472 563.17432069778442 2882.0998774468899 1365.1130614429712 3319.3740368932486 12134.13890889287 367.12401960790157
leaf_count=3909 8833 1674 5220 8358 4230 436 19150 4570 5028 4462 9367 10007 21675 1666 13013 16750 2258 11552 5469 13320 48590 1471
internal_value=4.44767e-05 0.00173726 -0.00247089 -0.00152599 0.00286605 0.00495226 -0.000302433 -0.00244743 0.000831592 -0.00507877 -0.0031203 -0.00428068 5.09058e-05 0.00219254 0.00027159 -0.000604572 -0.00401872 -0.00500347 0.00458715 0.00572142 0.00172019 -0.00177652
internal_weight=55194.1 33014.8 22179.3 16317.5 19740.7 4769.57 9270.87 3229.71 6041.17 5861.85 7046.6 4839.11 13274.1 14971.1 12855.7 7439.42 4559.9 3445.27 2420.87 4293.64 12550.3 475.933
internal_count=221008 132203 88805 65313 79091 19136 37106 12928 24178 23492 28207 19374 53112 59955 51438 29763 18272 13810 9699 17229 50256 1907
is_linear=0
shrinkage=0.03


Tree=19
num_leaves=23
num_cat=0
split_feature=23 31 35 86 74 97 86 74 95 81 46 97 56 90 22 94 80 94 76 19 87 97
split_gain=249.952 86.8995 44.9412 30.4783 38.314 34.4038 30.3395 24.4202 24.0409 22.591 21.3639 21.1442 19.0813 19.0683 17.0404 15.6407 14.6968 13.9232 13.7805 13.2455 12.9217 12.6275
threshold=0.75988769959772406 -0.0010963598890843527 0.785852838510679 0.51526623603842758 0.0056095232899022176 0.3007057995042734 0.56922808390499335 0.0029407876613342957 1.5781773491770132 -0.004964550378740328 -0.17113043478260132 0.61734245059638992 0.0014164239795484235 0.1813590894962688 -0.0053327566106309279 0.062117311235328938 0.71589152676915224 0.0050531394003614514 -0.18203046833249048 -0.84045978291922718 0.5993462859047084 -0.91080963307804841
decision_type=2 2 2 2 2 2 2 2 2 2 2 2 2 2 2 2 2 2 2 2 2 2
left_child=1 7 6 5 11 8 10 17 -3 -9 -2 -5 21 20 -11 -15 -6 19 -7 -1 -8 -4
right_child=2 3 12 4 16 18 13 9 -10 14 -12 -13 -14 15 -16 -17 -18 -19 -20 -21 -22 -23
leaf_value=0.006241643998884194 0.00024892867827252781 0.00057563278526364574 -0.013473627474026662 -0.00069478487519362736 0.0043587233039525525 0.0064865963094056459 -0.0092014554591053222 0.0047478648815896026 -0.0049517974405575808 0.0053701558079239922 -0.0027772300706816401 -0.0038497396408383863 -0.0024937019192493273 -0.0032879640602376447 0.0012929365500318128 0.005258514142780172 -0.0046216691195016439 0.011075675717096198 0.0023927258447932823 -0.00085567265921831289 -0.0022820900899318888 -0.0065486804640788408
leaf_weight=1125.4234972447157 4857.2236059457064 6726.6188725680113 308.76573963463306 6783.0168865323067 1454.9083978235722 954.7877780944109 877.88937555253506 3594.8706860095263 781.37029929459095 1081.1872779428959 3623.3100912719965 2712.1626421660185 1046.1884765625 4443.2289009690285 7022.2579867243767 184.85350984334946 166.96715307235718 473.33896104991436 4070.8643838465214 269.10900063812733 398.97001841664314 2094.066729336977
leaf_count=4516 19435 26922 1241 27138 5821 3822 3516 14414 3127 4339 14505 10851 4197 17793 28138 740 668 1898 16293 1079 1598 8404
internal_value=-3.06673e-05 0.00136698 -0.00295145 0.000264558 -0.000873731 0.00128126 -0.00220135 0.00328067 0 0.00275424 -0.00103515 -0.00160852 -0.00603859 -0.00385644 0.00185397 -0.0029166 0.00335641 0.00649746 0.0031997 0.00481162 -0.00714389 -0.007528
internal_weight=55051.4 37216.9 17834.5 23650.7 11117.1 12533.6 14385.5 13566.2 7507.99 11698.3 8480.53 9495.18 3449.02 5904.94 8103.45 4628.08 1621.88 1867.87 5025.65 1394.53 1276.86 2402.83
internal_count=220455 149026 71429 94642 44478 50164 57587 54384 30049 46891 33940 37989 13842 23647 32477 18533 6489 7493 20115 5595 5114 9645
is_linear=0
shrinkage=0.03


Tree=20
num_leaves=23
num_cat=0
split_feature=77 21 29 67 27 62 18 98 62 12 35 93 93 82 15 13 47 90 77 71 98 67
split_gain=229.369 74.6661 42.5547 30.9064 26.4314 22.2056 21.2652 20.972 19.0868 16.8018 15.6879 17.7066 15.7666 15.4665 14.7844 14.3804 14.0442 13.2922 12.7632 12.4506 12.2454 11.0485
threshold=-0.00028605459072472689 1.246992120094478 -0.00025011072608571711 0.0013153353622680222 1.3337762428104256 0.00295037633987597 0.31917237442922736 -0.8783796973249266 0.0031075698767778098 0.034904378456127712 0.58091399209226091 0.00028557788455985117 -0.011496957042651688 -0.0029917461837502542 0.71446177385662479 2.9450396705765773e-06 0.27064554849220851 0.48942032121241524 0.0063098731263910865 0.67434784184309204 -0.8783796973249266 0.0002755017760499579
decision_type=2 2 2 2 2 2 2 2 2 2 2 2 2 2 2 2 2 2 2 2 2 2
left_child=2 4 7 -3 9 6 -5 -1 20 19 11 21 14 -13 -12 17 -14 -9 -7 -2 -6 -4
right_child=1 3 10 5 8 18 -8 15 -10 -11 12 13 16 -15 -16 -17 -18 -19 -20 -21 -22 -23
leaf_value=0.0065953337529032364 -0.00010139605988454516 -0.0012536881886523383 0.00335475152178184 -0.00048323460571022495 -0.0068506160374639273 0.0058486384271293585 -0.0063684956633357111 0.0026800199986376652 0.0024574465619299078 0.0060850688669682792 -0.002757262884924715 0.0026601395550601373 -0.00041732875659516083 -0.0019437956790921199 0.0056073803464090476 0.0051713836943943318 -0.0055386405888244667 -0.0015517835662700364 -0.0032726702691185027 -0.0035566573140971072 -0.0025054726860336716 5.0162900405105847e-05
leaf_weight=1616.516524374485 15266.520983889699 2642.554499104619 3823.4522278606892 658.66026934981346 709.16937711834908 229.98280614614487 5122.5549767315388 8509.1647873520851 588.99179451167583 366.28978545963764 280.18035772442818 977.26633927226067 1277.8602859675884 1923.9915251284838 497.30546842515469 2079.0491153597832 809.74267095327377 690.70046076178551 308.55325424671173 995.55662952363491 4417.6661371439695 1267.7735535502434
leaf_count=6484 61085 10587 15309 2638 2839 921 20544 34118 2357 1466 1121 3911 5113 7698 1990 8336 3240 2769 1237 3984 17684 5075
internal_value=-2.73278e-05 -0.00171533 0.00219346 -0.00402953 -0.000781679 -0.0051722 -0.00571551 0.0033602 -0.0025408 -0.000170428 0.00079762 0.00148471 -0.00108629 -0.000358271 0.00248201 0.00288314 -0.00246363 0.0023512 0.000494139 -0.000320512 -0.0031362 0.00255123
internal_weight=55059.5 31306.5 23753 8962.31 22344.2 6319.75 5781.22 12895.4 5715.83 16628.4 10857.6 7992.48 2865.09 2901.26 777.486 11278.9 2087.6 9199.87 538.536 16262.1 5126.84 5091.23
internal_count=220506 125342 95164 35927 89415 25340 23182 51707 22880 66535 43457 31993 11464 11609 3111 45223 8353 36887 2158 65069 20523 20384
is_linear=0
shrinkage=0.03


Tree=21
num_leaves=23
num_cat=0
split_feature=35 39 71 71 21 0 29 66 18 25 12 76 68 7 95 87 90 56 73 18 54 90
split_gain=244.402 92.434 37.0935 32.5496 25.2131 24.5161 24.4119 24.3851 19.7659 18.2539 21.0855 16.7335 15.3492 16.0691 13.8126 15.6864 13.7029 14.4207 13.602 13.003 12.5257 10.7983
threshold=0.58091399209226091 0.43097422415487069 0.6466553726658123 0.51140724190917586 2.0312964584888058 0.0020702535636941501 -0.00040373391743425685 -0.00075427030722546851 0.70876026203624243 -0.30350661719417166 0.009092406988937431 -0.1177419326743485 0.0016144430223002939 0.0022616242386592771 2.1606594214788131 0.47270856701964831 0.51417465588076683 0.00031386362584852372 0.51199265133919847 0.11392959762148053 -0.6363147400996606 0.28312615377651013
decision_type=2 2 2 2 2 2 2 2 2 2 2 2 2 2 2 2 2 2 2 2 2 2
left_child=1 6 4 9 12 -4 16 19 -7 10 -3 -11 13 -2 15 -8 17 -1 -10 -5 -14 -9
right_child=2 3 5 7 -6 8 14 21 18 11 -12 -13 20 -15 -16 -17 -18 -19 -20 -21 -22 -23
leaf_value=0.0098923184948898225 -0.0010459142903104766 0.00028141840709392912 -0.0067787996142443475 0.0045177951042759705 -0.0056624182082777473 -0.0012441801194310667 0.0038176654562620876 -0.0024644464825813537 -0.015323326291872984 -0.00094676033739149717 0.0050691442297934259 0.004229937019539871 -0.00040356204116064027 0.0027629830788374866 -0.0042814619432537662 -0.00082425126726057621 -0.000270702979716985 0.0046378521505257113 -0.0046645893789395007 0.00034099589347759494 -0.0036207645617484475 -0.0001864752819346975
leaf_weight=546.83105251193047 5047.3629167079926 8118.2397256791592 2705.9686901271343 838.2631194293499 1339.1080579012632 2422.7762397229671 1883.3559473752975 4996.6901173144579 119.89555981755257 650.52694436907768 919.67710839211941 3068.7778413593769 1733.1125015467405 1226.0938141942024 309.59772358834743 954.10006092488766 424.69907632470131 6414.0786201059818 1456.9182270467281 3511.3318381011486 3276.8784921169281 3138.4291843026876
leaf_count=2196 20198 32502 10856 3355 5369 9707 7545 19991 481 2604 3683 12283 6936 4908 1240 3822 1704 25744 5846 14051 13121 12556
internal_value=-1.80353e-05 0.0014488 -0.00273702 0.000459172 -0.00176512 -0.00454777 0.00380927 -0.000624487 -0.00300275 0.00152639 0.000783617 0.00330026 -0.00129002 -0.000283962 0.00154739 0.00222779 0.0047575 0.00507714 -0.00562322 0.00117512 -0.00252878 -0.00159799
internal_weight=55102.7 35774.6 19328.1 25241.9 12622.6 6705.56 10532.7 12484.7 3999.59 12757.2 9037.92 3719.3 11283.4 6273.46 3147.05 2837.46 7385.61 6960.91 1576.81 4349.59 5009.99 8135.12
internal_count=220698 143276 77422 101025 50532 26890 42251 49953 16034 51072 36185 14887 45163 25106 12607 11367 29644 27940 6327 17406 20057 32547
is_linear=0
shrinkage=0.03


Tree=22
num_leaves=23
num_cat=0
split_feature=37 31 92 95 64 1 97 78 67 64 48 97 97 75 2 26 73 94 81 45 64 28
split_gain=220.901 72.4179 30.1983 32.1485 30.7551 25.8257 26.0998 29.3798 26.3189 23.4323 21.8867 21.0975 19.7572 19.2414 15.5845 15.0682 17.3564 14.6335 17.3298 14.8152 11.5508 18.8929
threshold=0.57969263025517381 -0.0010702099862781587 -0.0007973204240556141 1.5781773491770132 0.0021777849173392808 -0.00011803590071590707 -0.40274668985873718 0.00051394810287730419 0.001684386621659484 0.00078881499068157344 -0.13768056801957904 0.3007057995042734 0.87137607974597331 0.2967234116474457 -0.0003517116763108174 -0.0017390408904106589 0.55077349741903336 -0.020248482720517266 -0.0045479543153924542 -0.4681769218703305 0.0011203674941600097 0.0040086834563798366
decision_type=2 2 2 2 2 2 2 2 2 2 2 2 2 2 2 2 2 2 2 2 2 2
left_child=1 10 3 11 12 20 8 -8 13 -9 15 -3 -4 -7 -10 16 -1 18 -12 -19 21 -2
right_child=5 2 4 -5 -6 6 7 9 14 -11 17 -13 -14 -15 -16 -17 -18 19 -20 -21 -22 -23
leaf_value=0.0040649120800419674 -0.00057930802765055378 0.00081841007621270747 -0.00058788901804764939 -0.0033609860900088227 0.0032358810459895159 -0.00084936299425293952 0.00066406922211501072 -0.0089522187415838721 0 -0.002933630611810319 0.0045557825489205154 0.0036573283945886587 -0.0037896309826908276 -0.0075471240122422095 -0.0086562072833712526 -0.0048755348138880879 0.012998320024206303 0.00067038742248521006 -0.0043012198196419405 0.0037588962463734944 8.8091639216219609e-05 -0.0088517349735149527
leaf_weight=6704.4177695512772 772.60623741149902 5777.8026986271143 10880.739990070462 1095.9461907893419 1633.5159632861614 1327.8290199935436 1814.6239500045776 675.57512028515339 226.19193042814732 5071.8225838243961 263.50879383087158 4106.8658811300993 2082.4693806320429 559.45865061879158 2036.7300459593534 145.64712673425674 204.56537282466888 2778.0733705759048 672.21874558925629 2995.4951803684235 2918.5327681005001 377.10120497643948
leaf_count=26913 3093 23126 43535 4386 6536 5322 7265 2709 906 20333 1056 16440 8332 2242 8176 584 821 11138 2693 11996 11681 1511
internal_value=1.64745e-05 0.00122091 0.000272496 0.00146274 -0.000617114 -0.00297939 -0.00369674 -0.00261937 -0.00562714 -0.00367104 0.00297531 0.00200952 -0.00111169 -0.00291157 -0.00782958 0.00415077 0.00436083 0.00172162 -0.00169005 0.00229209 -0.000888106 -0.00342318
internal_weight=55121.7 39341.3 25577.3 10980.6 14596.7 15780.5 11712.2 7562.02 4150.21 5747.4 13763.9 9884.67 12963.2 1887.29 2262.92 7054.63 6908.98 6709.3 935.728 5773.57 4068.24 1149.71
internal_count=220794 157556 102355 43952 58403 63238 46953 30307 16646 23042 55201 39566 51867 7564 9082 28318 27734 26883 3749 23134 16285 4604
is_linear=0
shrinkage=0.03


Tree=23
num_leaves=23
num_cat=0
split_feature=36 36 36 71 28 89 22 84 68 34 26 18 72 92 12 40 97 41 97 97 68 98
split_gain=224.263 59.2378 44.5559 26.3975 20.5836 19.067 19.8867 19.0828 17.6586 14.9975 14.7343 14.3029 14.998 14.2713 21.3107 17.2523 13.5398 13.4021 12.8499 12.637 12.3528 21.6195
threshold=0.50241851110992619 0.67508216341887251 0.33324431664871207 0.50977378412039542 0.014445453444431046 0.0074027990310244693 0.00049602852821073473 0.0019640379862742034 0.0015767927237209103 -0.0053868781270575141 -0.00033468821184068348 0.5991332356697282 0.48879983105434482 -0.00021427510490967802 0.0079421516382591779 0.47275124491949427 0.61734245059638992 0.98721777937595723 0.35222909080468506 -0.92794370089704259 -0.0013447913131625631 -0.8783796973249266
decision_type=2 2 2 2 2 2 2 2 2 2 2 2 2 2 2 2 2 2 2 2 2 2
left_child=2 5 19 13 16 6 7 -2 9 -7 -10 12 -3 15 -15 -4 -5 -14 -6 -1 21 -21
right_child=1 11 3 4 18 8 -8 -9 10 -11 -12 -13 17 14 -16 -17 -18 -19 -20 20 -22 -23
leaf_value=0.007380035972776108 0.001358114549935103 0.0051571043617019289 0.0021451735107517762 0.00012085336388297901 0.012200429983993689 0.0070245491620632818 -0.0036755860581045769 -0.0031986930371142477 -0.0043568267949752482 0.00044118403015515415 -0.00070232003992802756 -0.0051501808895130707 -0.0019122455527581428 -0.00038536640953942862 0.0047528969483446142 0.0060994081691981518 -0.0030240195302361998 -0.0078848080176044336 0 0.0094126469773605486 0.00067042357325817006 0.003371076100197371
leaf_weight=901.07099184393883 1981.1168280392885 205.21892695128918 7682.1411284953356 4047.9043298363686 172.87190291285515 321.35639683902264 3924.4394328743219 1392.252996712923 1234.3591782003641 6291.3373365849257 5440.9228038787842 4683.9337316602468 2061.5373165309429 3702.4711263477802 887.03028899431229 1177.2268256545067 1730.250804066658 419.20261588692665 133.88794772326946 620.11539091169834 1235.9281803816557 4845.367085441947
leaf_count=3619 7927 822 30773 16196 692 1286 15710 5572 4939 25175 21774 18809 8264 14819 3551 4713 6923 1683 536 2493 4959 19459
internal_value=6.10328e-05 -0.00182276 0.00200498 0.00123875 -0.000388068 -0.000989749 -0.00222263 -0.00049986 -0.000304713 0.000784828 -0.00139706 -0.00413287 -0.00231293 0.00198124 0.000596332 0.00268704 -0.000808918 -0.00298524 0.00703024 0.0039577 0.00347381 0.00408893
internal_weight=55091.9 27955.7 27136.3 19533.8 6084.91 20585.8 7297.81 3373.37 13288 6612.69 6675.28 7369.89 2685.96 13448.9 4589.5 8859.37 5778.16 2480.74 306.76 7602.48 6701.41 5465.48
internal_count=220694 111961 108733 78203 24347 82383 29209 13499 53174 26461 26713 29578 10769 53856 18370 35486 23119 9947 1228 30530 26911 21952
is_linear=0
shrinkage=0.03


Tree=24
num_leaves=23
num_cat=0
split_feature=67 21 2 86 82 0 97 97 86 33 97 98 20 80 81 10 64 0 89 93 47 45
split_gain=177.087 68.9411 53.9255 43.389 29.4544 27.3195 25.6545 23.5398 21.4637 21.0412 19.967 21.5945 19.5556 18.7933 17.989 17.4487 14.9596 14.834 16.4455 14.4009 18.2374 13.237
threshold=-0.00062321155719868837 1.2612780911669044 -0.00036757495174322136 0.52703927740796275 -0.0020487835931699556 0.0021134406087708205 -0.83146961230254512 0.63435554093529944 0.72029551835208305 -0.00061035046732932352 -0.93585024503435343 -0.8783796973249266 -0.0036368010253848278 -1.4952232714574085 0.00087944762101532803 -0.022147087764246728 0.0010592812485273194 0.00073986101494815618 0.015406821043725916 -0.010879124594860011 0.18690066903592542 0.5563509546679305
decision_type=2 2 2 2 2 2 2 2 2 2 2 2 2 2 2 2 2 2 2 2 2 2
left_child=2 3 8 14 15 7 9 -5 10 -3 16 -12 -10 -7 -2 -4 -1 -6 -19 21 -21 -8
right_child=1 6 4 5 17 13 19 -9 12 -11 11 -13 -14 -15 -16 -17 -18 18 -20 20 -22 -23
leaf_value=0.013199966747410016 0.001466164441323326 0.0062446125705650614 -0.0035312944720071039 -0.0021268252703903518 0.0057613866857882208 0.0062182897100745574 0.0032158145148082377 -0.0064854766380471615 0.010866291055144039 -0.0076505660415785237 0.0076573456891694154 0.0029482058005100469 -0.0018386521852438091 -0.00080258350380334176 -0.00092819865271921915 0.0031802703204151144 0.0051822773588417219 -0.0012817433634993208 0.004923793506651745 -0.0010117019239721098 -0.0043768250400641794 -0.0035707924640833921
leaf_weight=349.59235660731792 8406.812798127532 89.721885576844215 362.30277827382088 4338.783567622304 303.18538498878479 359.10659399628639 628.0877890586853 1557.251261651516 112.31548938155174 1666.1087769567966 1028.4217115491629 7395.9059933274984 960.43098339438438 4670.2675457447767 4194.616560280323 3878.9585927724838 723.16049568355083 6265.1900141686201 394.90032222867012 2234.5159743130207 4615.7298938035965 420.23501388728619
leaf_count=1403 33655 359 1452 17368 1214 1437 2514 6233 451 6691 4129 29672 3847 18693 16787 15541 2902 25081 1581 8955 18518 1685
internal_value=-3.22706e-05 -0.00141328 0.00206775 -0.000532223 0.000607076 -0.00191713 -0.00354823 -0.0033023 0.00360559 -0.00685822 0.00406031 0.00354215 -0.000337262 -0.000272076 0.000661916 0.00257882 0.00797601 -0.000582962 -0.000893472 -0.00279331 -0.00329533 0.000402233
internal_weight=54955.6 33181.2 21774.4 23526.8 11204.5 10925.4 9654.4 5896.03 10569.8 1755.83 9497.08 8424.33 1072.75 5029.37 12601.4 4241.26 1072.75 6963.28 6660.09 7898.57 6850.25 1048.32
internal_count=220168 132895 87273 94173 44869 43731 38722 23601 42404 7050 38106 33801 4298 20130 50442 16993 4305 27876 26662 31672 27473 4199
is_linear=0
shrinkage=0.03


Tree=25
num_leaves=23
num_cat=0
split_feature=36 38 38 97 21 72 14 13 98 50 55 75 2 77 68 90 72 54 98 75 4 55
split_gain=188.512 58.0208 37.0228 29.0908 29.1263 21.2169 20.019 20.2936 19.8723 19.4442 18.5019 15.9374 15.5209 17.2241 14.4076 14.3877 13.0353 12.0897 11.459 15.9977 11.9433 10.4208
threshold=0.48355960334692771 0.6063086659823701 0.39742297414323408 -0.32143946530316164 1.2612780911669044 0.50461606068763598 -0.14453516039454015 1.0000000180025095e-35 -0.8783796973249266 0.0040381900684469535 0.32142857142834985 0.10406515300353329 -0.00076847190298578994 0.00076268662213085936 0.00069325169278300358 0.13162221750042474 0.18706931485497111 2.948454133205463 -0.8783796973249266 0.28390341661941693 -0.0023514026042688592 0.87864360888627757
decision_type=2 2 2 2 2 2 2 2 2 2 2 2 2 2 2 2 2 2 2 2 2 2
left_child=2 3 16 4 21 10 -3 17 12 -7 -5 -10 13 -4 -6 -13 -1 -8 20 -20 -18 -2
right_child=1 6 8 5 14 9 7 -9 11 -11 -12 15 -14 -15 -16 -17 18 -19 19 -21 -22 -23
leaf_value=-0.0033335011198813024 -0.001473432960254232 -0.00076758442885147742 0.0089602926419296187 0.0032356406435600669 -0.0019218118861977695 -0.0038264844315977291 -0.0054980964100252465 -0.0013633017943941175 -0.0085598221319138842 -3.5577660191645596e-05 0 0.0051232209479892465 0.0016694308738086773 0 -0.0073750782504172037 0.00060190993267870041 0.010931523450226195 0.0019576266544140543 0.0021796860201651128 0.0050785823433528703 0.0039120041944924015 0.0022511803365111416
leaf_weight=214.09987507760525 5601.1365138590336 1940.5506701022387 718.32366898655891 2924.7164486348629 792.70957739651203 1574.2871683090925 5016.3392042517662 1710.1337615698576 152.89208854734898 5479.0849162936211 3427.5081069618464 665.69298847019672 1506.3065637797117 237.41554087400436 1162.8843535333872 12530.785396143794 411.83290107548237 180.70684149861336 4370.3764414042234 3043.4864684641361 618.49743770062923 742.46804225444794
leaf_count=859 22412 7771 2878 11704 3174 6301 20141 6867 612 21925 13718 2665 6030 950 4660 50172 1658 727 17553 12221 2485 2971
internal_value=9.63347e-05 -0.00147324 0.00205956 -0.000632827 -0.00202865 0.000225466 -0.0035217 -0.00428022 0.00118632 -0.000898656 0.00148726 0.000719781 0.00366639 0.00667066 -0.00523138 0.000840508 0.00364064 -0.00521831 0.00383185 0.00338708 0.00688239 -0.00102047
internal_weight=55022.2 30552.5 24469.7 21704.8 8299.2 13405.6 8847.73 6907.18 15811.4 7053.37 6352.22 13349.4 2462.05 955.739 1955.59 13196.5 8658.29 5197.05 8444.19 7413.86 1030.33 6343.6
internal_count=220454 122371 98083 86865 33217 53648 35506 27735 63307 28226 25422 53449 9858 3828 7834 52837 34776 20868 33917 29774 4143 25383
is_linear=0
shrinkage=0.03


Tree=26
num_leaves=23
num_cat=0
split_feature=35 77 47 64 66 66 2 82 35 96 2 54 96 80 68 83 87 12 47 89 55 47
split_gain=182.439 62.7217 32.7859 37.5363 20.8982 17.2777 26.0499 16.8484 16.6123 18.8911 16.3274 20.4477 18.426 15.9803 18.4313 15.1479 13.4329 13.3179 13.3151 13.1397 12.9989 11.0042
threshold=0.58091399209226091 -0.00043417791197919437 0.22231142068944246 0.0015518607665400816 8.1314373657215291e-05 -0.00064537001233788683 -0.00019647876545747509 0.00058174054339887882 0.77141912443831184 -0.95032354012166598 -0.0010178347032241406 0.57349587055485618 -0.52803643325367233 1.3907721697981474 0.0018907661643478015 0.0016675834622033039 0.55555335468854572 0.030857051124296268 0.14571395903348583 0.013575385843381849 0.29682054568883559 0.1528028444570517
decision_type=2 2 2 2 2 2 2 2 2 2 2 2 2 2 2 2 2 2 2 2 2 2
left_child=1 10 8 4 -4 6 -3 18 9 -2 21 16 -13 14 -5 -6 -12 -15 -7 -8 -11 -1
right_child=2 5 3 13 15 7 19 -9 -10 20 11 12 -14 17 -16 -17 -18 -19 -20 -21 -22 -23
leaf_value=0 0.004113046921913186 0.0024165709788896519 -0.0016935103660417254 0.00029946261210888329 -0.0045021200182362936 0.0034474814318146332 -0.0031294613639750181 -0.0019372269083662104 -0.0038839859969456297 0.00053477315440651199 0.0028892286144650125 -0.0042831839169748011 0.00099706857079942188 0 -0.0038288274941814214 -0.0082511528794055131 0.00027141385102949083 0.0089039277676187904 -0.0004558792259621668 0.0047416712471611538 -0.0021649441746023142 0.0037941243290335394
leaf_weight=763.50441794097424 712.76558873057365 3957.3844836801291 1197.4301075935364 1405.5394451767206 2280.8561206609011 1035.1402658075094 1420.6124472022057 6356.5585801452398 1571.4705380797386 2769.0414702445269 7184.1686809957027 871.27068182826042 1777.5290184915066 638.52737388014793 2886.4773837029934 2028.1255815774202 2444.2268450856209 184.76390552520752 3072.8817058801651 203.15599155426025 3662.2357902675867 6632.6613853126764
leaf_count=3063 2853 15841 4797 5628 9142 4142 5684 25435 6316 11084 28785 3493 7129 2561 11570 8146 9788 741 12297 813 14665 26638
internal_value=-0.000126348 0.00114252 -0.00247418 -0.0035963 -0.00532146 -0.000244439 0.00109479 -0.000967656 -0.00109377 -0.000462852 0.00227785 0.00159103 -0.000715494 -0.00171492 -0.00245843 -0.00630255 0.00223499 0.00203615 0.000511819 -0.00206659 -0.00098956 0.00340208
internal_weight=55056.3 35719.1 19337.2 10621.7 5506.41 16045.7 5581.15 10464.6 8715.51 7144.04 19673.4 12277.2 2648.8 5115.31 4292.02 4308.98 9628.4 823.291 4108.02 1623.77 6431.28 7396.17
internal_count=220611 143108 77503 42585 22085 64212 22338 41874 34918 28602 78896 49195 10622 20500 17198 17288 38573 3302 16439 6497 25749 29701
is_linear=0
shrinkage=0.03


Tree=27
num_leaves=23
num_cat=0
split_feature=37 67 2 1 82 66 68 84 97 97 47 97 47 98 18 11 98 81 27 58 74 89
split_gain=156.973 55.6998 30.3817 28.7376 26.6021 22.4959 21.3425 20.5258 18.952 17.6455 16.6055 15.07 14.592 14.4449 13.9548 13.4598 13.1532 12.1527 11.9337 11.39 10.8378 9.86665
threshold=0.57232222269372135 -0.00062321155719868837 -0.00063481934167897147 -4.4064510669294947e-05 -0.0026532370862334394 1.0000000180025095e-35 0.00045216285707172515 -0.0016820195966063543 -0.83146961230254512 -0.10886687485196482 0.11832716580716503 -0.93585024503435343 0.16617692371522572 -0.8783796973249266 0.37083663497095926 -0.013765321244186222 -0.8783796973249266 -0.0023633081742846502 1.2669488457826941 0.00056928667087086007 0.003222130542018579 0.012565431447894246
decision_type=2 2 2 2 2 2 2 2 2 2 2 2 2 2 2 2 2 2 2 2 2 2
left_child=1 2 11 18 15 -5 16 9 -8 10 -3 -1 -11 -13 19 -4 -7 -16 -2 -9 -20 -6
right_child=3 7 4 5 21 6 8 14 -10 12 -12 13 -14 -15 17 -17 -18 -19 20 -21 -22 -23
leaf_value=0.0069307259543882459 0.0011555626040124162 -0.011680018598627228 0 -0.0008275830737446186 -0.00048336060483531156 -0.0067591930509714139 -0.0078403386816422033 -0.0027162617719172868 -0.0038655226353538591 -0.0010482587650275459 -0.00017510141421003491 0.0065130416560925013 0.0031399809311909795 0.0024535801850527604 -0.0050236925370071 0.0039850431033427794 0.00042981106612815422 -0.0013978189820968781 -0.0048367245866505247 0.00071844262047299624 -0.00056779272248349286 0.0029566141590376092
leaf_weight=991.96143805980682 2158.8024526834488 107.20048253238201 1035.4824921041727 2788.3672151714563 6273.0471466779709 262.24674648046494 1390.8180563896894 1102.6771777719259 6271.4896533638239 916.91617761552334 3750.5955283492804 922.14168617129326 3395.0130121260881 7244.7636077404022 1138.4162400811911 3008.1309212297201 1339.5338255912066 3534.7897964864969 763.51754474639893 3948.3173531740904 1951.2850780487061 840.89227956533432
leaf_count=3984 8640 429 4152 11167 25117 1051 5593 4413 25173 3670 15015 3707 13594 29079 4556 12056 5368 14144 3061 15801 7813 3367
internal_value=-4.21682e-05 0.00102153 0.00209646 -0.00244796 0.00103228 -0.00323484 -0.00394802 -0.000194378 -0.00460802 0.000907444 -0.000547441 0.00338052 0.00222818 0.00293035 -0.00112929 0.00297246 -0.000725982 -0.00230916 -0.000480937 -1.74864e-05 -0.00181477 -6.05307e-05
internal_weight=55136.4 38210.3 20316.4 16926.1 11157.6 12052.5 9264.09 17893.9 7662.31 8169.73 3857.8 9158.87 4311.93 8166.91 9724.2 4043.61 1601.78 4673.21 4873.61 5050.99 2714.8 7113.94
internal_count=220950 153084 81462 67866 44692 48352 37185 71622 30766 32708 15444 36770 17264 32786 38914 16208 6419 18700 19514 20214 10874 28484
is_linear=0
shrinkage=0.03


Tree=28
num_leaves=23
num_cat=0
split_feature=21 77 72 97 98 19 19 68 81 12 95 84 67 69 81 36 86 97 87 18 2 76
split_gain=153.301 46.5359 36.9208 39.548 23.5678 23.4358 22.5688 22.4722 18.7193 25.6223 22.6572 14.6717 14.6592 20.1931 15.2277 14.3533 14.2037 16.8644 14.9742 12.9973 11.8218 10.5253
threshold=0.67465788741847932 -0.00015244190058416593 0.54513333889701709 -0.32143946530316164 -0.8783796973249266 -1.7495057215033578 -1.3685538437554852 0.00087389527147885293 -0.0074412161926584721 -0.029014277144167596 1.6767947492591013 0.0015602340877233225 0.0017931987706039101 0.0081522266571887343 0.0013932485384879902 0.64830036037766103 0.50387464463112719 0.61734245059638992 0.38302530813596886 0.27829987956642632 0.0011202198345720007 0.063379492178356145
decision_type=2 2 2 2 2 2 2 2 2 2 2 2 2 2 2 2 2 2 2 2 2 2
left_child=1 5 3 7 -4 -1 21 11 10 -10 -7 -2 13 -6 -14 -9 18 -18 -8 20 -5 -3
right_child=2 6 4 19 12 8 16 15 9 -11 -12 -13 14 -15 -16 -17 17 -19 -20 -21 -22 -23
leaf_value=0.0057810041413574216 -0.0021434269254696366 0.00020032072702236837 -0.0074454254274189209 0.0017717808660369135 -0.0019899161574752538 0.006243848442731569 -0.0027766948494323197 -0.0032674245325715915 -0.004188299589896193 0.0016575353092024615 0.00038901480013061928 0.0048337461322403375 -0.0017140990385277062 0.0062948947491877089 -0.0051410989807265592 -0.0087378819896286805 -0.00058958276670971379 -0.0037039009249588491 0.0019010429898724285 3.2935997851248945e-05 0.010425366942314078 0.0036172253676159871
leaf_weight=1437.2059860676527 1402.0973700731993 1609.7473231106997 1225.6059398949146 591.30039000511169 2416.1672351211309 1685.1420088261366 779.44840128719807 1173.1880953609943 685.99835996329784 16535.234901562333 971.18460683524609 321.45169325172901 2002.6844428628683 283.86247082054615 3207.9990709125996 783.1801094263792 5610.2671500891447 2216.275292545557 2662.8898390978575 5398.1993478685617 197.15816523134708 1759.3461801856756
leaf_count=5778 5613 6444 4920 2366 9690 6764 3119 4695 2751 66295 3897 1287 8038 1139 12883 3146 22451 8869 10655 21615 789 7042
internal_value=1.64841e-05 0.00116998 -0.00216062 -0.000874602 -0.00353712 0.00206434 -0.000126687 -0.00333646 0.00178831 0.00141715 0.00414649 -0.000769851 -0.00291161 -0.00106568 -0.003847 -0.00553645 -0.000776699 -0.00148656 0.000810819 0.000578247 0.00415184 0.00201669
internal_weight=54955.6 35952.7 19002.9 9866.58 9136.32 21314.8 14638 3679.92 19877.6 17221.2 2656.33 1723.55 7910.71 2700.03 5210.68 1956.37 11268.9 7826.54 3442.34 6186.66 788.459 3369.09
internal_count=220246 144065 76181 39511 36670 85485 58580 14741 79707 69046 10661 6900 31750 10829 20921 7841 45094 31320 13774 24770 3155 13486
is_linear=0
shrinkage=0.03


Tree=29
num_leaves=23
num_cat=0
split_feature=71 66 38 55 95 46 98 31 89 57 66 14 25 68 42 17 68 73 8 15 89 73
split_gain=162.225 57.9779 45.4505 42.2449 26.2381 21.6499 18.8972 17.7974 14.6975 14.3502 14.2164 13.2982 13.0833 12.4676 12.1008 11.9927 11.813 11.4793 10.9179 10.7659 10.2136 10.0267
threshold=0.50977378412039542 -4.1199361894950208e-05 0.39188259957362787 0.30494863721645399 1.5781773491770132 -0.89685448753699903 -1.0000000180025095e-35 -0.0012277578951196964 0.013124826106869625 1.0000000180025095e-35 0.0002771579412994552 -0.090716420750076091 -0.25507265083872288 -0.00051092877208869225 0.76179245145569496 0.23585401675714887 0.00075303045926333756 0.51121632537126482 -0.00092524501263152581 2.1561188246752505 0.0040241273938599036 0.28593976499132295
decision_type=2 2 2 2 2 2 2 2 2 2 2 2 2 2 2 2 2 2 2 2 2 2
left_child=2 7 5 8 6 10 12 9 11 -2 15 -3 -4 -8 20 -1 -5 -6 -10 21 -9 -7
right_child=1 3 4 16 17 19 13 14 18 -11 -12 -13 -14 -15 -16 -17 -18 -19 -20 -21 -22 -23
leaf_value=0.0088222329986222293 0.0075492187445891411 -0.00095722133087475128 0.0014788060770544276 -0.0023058007779803431 -0.0038205741859534824 -0.0029740297869166204 0.0012480864681431302 -0.0059589627618207687 -0.0044560773122147134 0.0008115609687081531 -0.0020749746427356987 -0.003309646457030792 0.0041665919891926391 -0.0008393002278501943 0.0023580362395787245 0.0036881121406238397 -0.0051775109415336399 0.0033981544927549809 0.0025707557908981999 0.0070745201427529214 -0.00042703738954846652 0.002521750948709333
leaf_weight=1205.4915383309126 506.07261382043362 6082.4923557788134 5417.5840244740248 1938.8046241849661 1367.9416963458061 294.44354353845119 6188.2866213470697 310.54658570885658 221.15739259123802 717.76746048033237 152.0145022124052 3502.6115270704031 2455.4989360272884 4350.7563068121672 1388.0754449367523 767.44910895824432 5069.2580065131187 210.49589838087559 1205.8417388647795 457.44333039224148 6155.5075639635324 5073.9808646142483
leaf_count=4853 2028 24347 21698 7767 5477 1181 24786 1243 885 2875 611 14050 9831 17420 5557 3090 20368 843 4828 1842 24636 20386
internal_value=6.21872e-05 -0.00158967 0.00166741 -0.00257475 0.000897467 0.00358839 0.00121946 0.000356544 -0.00140189 0.00370921 0.00620832 -0.00182878 0.00233273 0.000377856 -0.000158481 0.00689918 -0.00440028 -0.00278591 0.00139567 0.00260836 -0.000715409 0.00219862
internal_weight=55039.5 27098.1 27941.4 18020.2 19990.6 7950.82 18412.1 9077.97 11012.1 1223.84 2124.96 9585.1 7873.08 10539 7854.13 1972.94 7008.06 1578.44 1427 5825.87 6466.05 5368.42
internal_count=220602 108584 112018 72245 80055 31963 73735 36339 44110 4903 8554 38397 31529 42206 31436 7943 28135 6320 5713 23409 25879 21567
is_linear=0
shrinkage=0.03


Tree=30
num_leaves=23
num_cat=0
split_feature=31 37 87 97 84 98 71 84 66 94 91 79 1 93 92 19 71 54 31 94 76 97
split_gain=144.316 42.3348 24.3352 27.1007 25.6754 21.2144 22.307 17.4447 16.1662 15.8226 15.7903 15.5022 19.0941 14.7313 14.5961 14.3452 15.0802 14.0193 13.7808 13.6801 12.9977 12.1456
threshold=-0.00028588839081772338 0.6930008583496946 0.53002862450607691 -0.23768589232617329 -0.0016039093856283213 -0.8783796973249266 0.35130652837604331 0.02689749350297577 -0.00040740492044549764 0.037079597200280985 -0.046155214293290954 0.015846085109828548 0.0027436267727576351 0.013467936651347935 -0.010340931644138017 0.41569436225899276 0.27925074834537472 2.948454133205463 -0.00045159316450649184 -0.02850534846365543 -0.050786142708135577 0.88186879444286481
decision_type=2 2 2 2 2 2 2 2 2 2 2 2 2 2 2 2 2 2 2 2 2 2
left_child=5 2 3 10 -5 14 15 19 21 -10 -2 17 13 -13 -1 20 -17 -3 -16 -8 -7 -4
right_child=1 11 8 4 -6 6 7 -9 9 -11 -12 12 -14 -15 18 16 -18 -19 -20 -21 -22 -23
leaf_value=-0.0041303333169300897 -0.0025112177980647576 -0.0054585191419498974 0.00073610691211020696 0.0022752430294020513 -0.00081503077637877324 0.003053564962109115 -0.0033015255594961435 0.0055368547270455469 -0.0029890549803451376 0.001064611208575899 0.00052596912658584851 0.010288288233430753 -0.0073428555816988797 -0.0001170132156137697 0.0057024188162935231 0.0030839303145840423 -0.0041104843204217379 0.0021286432747320899 0 0.0008397672595136411 0.0078446180728205181 -0.0044404729983350934
leaf_weight=156.05665023624897 4468.9306849688292 3088.5151245743036 2795.2737519592047 5807.2443489283323 4081.3825921863317 5024.7675135582685 748.66843405365944 670.58096674084663 7276.4492417424917 943.16488753259182 2277.3671276271343 138.83575171232224 268.51806259155273 600.45800697803497 2413.8755090683699 553.14894773066044 478.11706909537315 212.93666468560696 447.18217851221561 11561.516690447927 599.01637236773968 467.28622335195541
leaf_count=627 17894 12433 11187 23247 16338 20195 3000 2687 29149 3777 9119 557 1081 2411 9691 2218 1916 858 1790 46327 2408 1870
internal_value=0.000110529 -0.00117112 -0.000742085 -3.21083e-06 0.000991152 0.00194881 0.00158012 0.000845285 -0.00180377 -0.00251225 -0.00147336 -0.00394142 -0.000575042 0.00182817 0.00430541 0.0029965 -0.000172564 -0.00493703 0.00480967 0.000578126 0.00359288 0
internal_weight=55079.3 32426.4 28117.1 16634.9 9888.63 22652.9 19635.8 12980.8 11482.2 8219.61 6746.3 4309.26 1007.81 739.294 3017.11 6655.05 1031.27 3301.45 2861.06 12310.2 5623.78 3262.56
internal_count=220780 129921 112581 66598 39585 90859 78751 52014 45983 32926 27013 17340 4049 2968 12108 26737 4134 13291 11481 49327 22603 13057
is_linear=0
shrinkage=0.03


Tree=31
num_leaves=23
num_cat=0
split_feature=36 36 77 89 55 87 55 81 0 97 53 50 95 2 72 82 83 1 74 32 81 49
split_gain=148.994 39.3639 35.0663 22.0726 19.918 17.8431 16.9146 16.8208 16.5283 15.1501 14.0788 13.741 13.3327 13.0985 16.0008 12.9493 18.6722 10.8049 10.6673 18.0928 12.4726 10.6223
threshold=0.53054421233646143 0.67508216341887251 -0.00015244190058416593 0.0079135521330438528 0.58027936108091738 0.38518623914342731 0.17647058823539283 -0.0080345679306665346 0.0024037312380572216 -0.88186879444286459 -0.01164416340684426 0.030158886443307057 -1.2458323880320237 -0.00088960153323169855 0.50146940319272926 -0.0064346226228945138 0.00079104300994325982 0.00017462014424729502 0.0043630454449282612 0.0037787436545012603 0.0015853440438268198 0.67419387287726185
decision_type=2 2 2 2 2 2 2 2 2 2 2 2 2 2 2 2 2 2 2 2 2 2
left_child=2 3 4 15 7 -4 18 11 -9 -8 21 -1 -12 -7 -15 -2 -17 -6 20 -20 -3 -5
right_child=1 6 5 10 17 13 9 8 -10 -11 12 -13 -14 14 -16 16 -18 -19 19 -21 -22 -23
leaf_value=0.006231832220481748 -0.008198660240970752 -0.00018234572949537352 -0.0050110854313733322 0.0022998339641281235 0.0036958034328042383 0.0012061898271818314 -0.0089230436649004978 0.0027465495898643354 0.00062746443778283179 -0.0040278545362011225 0.0039050349561302058 0.00058400467255690866 -0.0024954136794015009 0.0027566364919254425 -0.002009025870291854 -0.0004562572982976984 -0.003658855768803954 -0.00043340130218549747 0.0081978039001365226 -0.0013354202116409176 -0.0060209733452657836 -0.00022295990142980526
leaf_weight=1644.8799370676279 327.55848379433155 633.82220937311649 658.08868852257729 2254.4849478900433 653.74584886431694 4473.1310183703899 712.2684663683176 9611.6675152778625 5252.2542053610086 4102.7077126950026 308.26388216018677 556.80878868699074 2781.7852520048618 754.56960524618626 3433.3634208142757 3389.3182606995106 3305.4724019616842 3965.7406392246485 209.59606692194939 939.90391699969769 760.19480618834496 4301.2054535597563
leaf_count=6607 1311 2546 2634 9021 2621 17905 2873 38564 21080 16503 1234 2235 11136 3020 13737 13567 13242 15889 840 3769 3055 17216
internal_value=-0.00012696 -0.00190126 0.00124529 -0.00108564 0.00190698 -0.000285182 -0.00373255 0.00238013 0.00200473 -0.00478763 -0.000143657 0.00485328 -0.00181733 6.8889e-05 -0.0011244 -0.00236469 -0.00205402 0.000138241 -0.00168906 0.000380927 -0.00345061 0.000633096
internal_weight=55030.8 24026.6 31004.2 16668.1 21685.1 9319.15 7358.49 17065.6 14863.9 4814.98 9645.74 2201.69 3090.05 8661.06 4187.93 7022.35 6694.79 4619.49 2543.52 1149.5 1394.02 6555.69
internal_count=220605 96313 124292 66727 86996 37296 29586 68486 59644 19376 38607 8842 12370 34662 16757 28120 26809 18510 10210 4609 5601 26237
is_linear=0
shrinkage=0.03


Tree=32
num_leaves=23
num_cat=0
split_feature=67 23 2 47 82 97 2 89 85 82 86 57 75 81 5 97 97 93 76 97 22 28
split_gain=127.737 43.2196 34.1337 24.3768 24.1293 21.0209 16.7946 15.8475 15.8248 15.7631 15.119 18.4326 13.9259 13.4221 13.3867 17.0847 13.0134 12.8294 12.6041 23.7469 12.2338 11.9475
threshold=-0.00057127894806158197 1.152080887884833 -0.0006168572413613459 0.19296194768116745 -0.001206416042663083 -0.91959550581536675 -0.00082719411728626724 0.0041625441249699231 -0.0028368330748920752 0.0033317696248473809 0.72029551835208305 1.0000000180025095e-35 0.18820097107518938 -0.0061062801804396818 -0.00017414006832067172 -0.77296446310592981 -0.92794370089704259 -0.0036731350913656864 -0.019021056813398631 0.31107263240371752 -0.003386787982425032 0.012435515653068887
decision_type=2 2 2 2 2 2 2 2 2 2 2 2 2 2 2 2 2 2 2 2 2 2
left_child=2 6 10 9 8 -5 14 -7 12 -3 16 20 -4 -6 -2 -16 -1 -11 19 -8 -12 -20
right_child=1 3 4 5 13 7 18 -9 -10 17 11 -13 -14 -15 15 -17 -18 -19 21 -21 -22 -23
leaf_value=0.0066172342342800707 -0.00068935499020218564 0.00026997646647809601 -0.0039686679642380804 -0.0078732683706091693 0.0070523465671839796 -0.0092275826351437759 -0.0016848679269959907 -0.0027889578497522758 0.0037838429748749177 0.00076011589749202385 0.011303453238429812 -0.003564787913640365 0.0014725405130079688 -0.00081133771666719453 -0.0019197908564186975 0.0029840332247575698 0.0028932711447395209 -0.0074475588004191953 -0.0024175449786119005 0.0018480553612806195 0 0.0020195019496517968
leaf_weight=1007.9894571304321 3525.4343144595623 2764.1467208713293 496.50498035550117 1008.9029938727617 189.20671986043453 371.01650048792362 4240.2189195007086 6556.5854546576738 2547.9029845148325 231.93681651353836 143.50461675226688 638.80824902653694 2455.85421448946 6989.1306457072496 792.74323989450932 2847.642505466938 7470.9060634970665 481.29178674519062 6602.2904347926378 2847.289067581296 190.11833044886589 565.6076712757349
leaf_count=4053 14120 11089 1991 4060 758 1491 16974 26333 10212 930 577 2560 9848 27987 3173 11399 30019 1932 26428 11399 762 2265
internal_value=-0.000178804 -0.00136741 0.00158053 -0.00285962 0.000553713 -0.00377926 -0.000567147 -0.00315956 0.00205065 -0.000730082 0.00294642 -0.000512558 0.000516791 -0.000582024 0.000608855 0.00188917 0.00335386 -0.00468043 -0.00116461 -0.00025229 0.00500348 -0.00205256
internal_weight=54965 32835.1 22129.9 11413.9 12678.6 7936.5 21421.2 6927.6 5500.26 3477.38 9451.33 972.431 2952.36 7178.34 7165.82 3640.39 8478.9 713.229 14255.4 7087.51 333.623 7167.9
internal_count=220360 131593 88767 45835 50796 31884 85758 27824 22051 13951 37971 3899 11839 28745 28692 14572 34072 2862 57066 28373 1339 28693
is_linear=0
shrinkage=0.03


Tree=33
num_leaves=23
num_cat=0
split_feature=71 2 71 67 89 56 21 90 74 97 95 89 40 36 3 82 65 25 91 73 24 97
split_gain=113.36 39.3466 27.4888 25.2212 21.1326 20.7327 19.9722 17.215 17.576 15.835 14.8164 14.184 13.2189 16.7434 13.053 12.8096 16.2574 15.2391 12.5326 15.7351 12.51 11.332
threshold=0.51140724190917586 -0.00028936303253856982 0.66915105130656982 -0.00020750675270708727 0.0042398359305645481 0.0030514688980867589 -1.3560181514283605 0.1239073166532814 0.0042675767905301478 -0.93585024503435343 1.5496209893242605 0.0090274883567424257 0.50607105805218788 0.39521084593721112 -0.0043496747857599263 -0.0016151190560886317 0.55208333333333337 -0.40462449122058847 -0.31238765350247061 0.45377581096426861 -0.0008775470140338636 0.61734245059638992
decision_type=2 2 2 2 2 2 2 2 2 2 2 2 2 2 2 2 2 2 2 2 2 2
left_child=3 4 7 6 -2 -4 9 -3 -9 -1 18 -7 14 -14 -6 16 -8 -17 21 -20 -11 -5
right_child=1 2 5 10 12 11 15 8 -10 20 -12 -13 13 -15 -16 17 -18 -19 19 -21 -22 -23
leaf_value=0.0075282516033611342 -0.0062036507729388048 0.0036420556645342991 -0.0048189619089297111 -0.0089316828589564821 0.0044065846693460212 0.010869838322752293 0.0016630432419534732 -0.002811744266526302 -0.00034706029090913456 0.0022514368331538331 -0.0031309589440547841 -0.0012621389907232052 0.0052359423579247883 0.0003805038392390342 -0.0028387399305617551 -0.0013465217008348678 0.0079849516618749582 0.0017030973051712734 0.0023920106744156071 -0.00036449764246469346 0.0079607546548861995 0.0014314812273882762
leaf_weight=709.85415725409985 465.85197940468788 520.90406948328018 4644.0409038513899 228.07719655334949 238.97516885399818 111.81342132389545 6351.7500501573086 6686.2047815322876 4413.9011387676001 5062.8789865672588 1209.9798449575901 262.55102092027664 701.13187044858932 7024.2280020564795 1736.7959431856871 3020.1265916079283 390.02168713510036 2853.6493288129568 2978.9778196811676 4832.7170038223267 380.20946498215199 131.89409472048283
leaf_count=2859 1865 2088 18678 913 958 449 25473 26801 17684 20375 4846 1054 2809 28116 6951 12103 1563 11424 11933 19350 1524 528
internal_value=-0.000105002 -0.00150247 -0.00240053 0.00122263 -2.2953e-05 -0.00426528 0.00185733 -0.00158454 -0.00184097 0.00326579 -3.81733e-05 0.00231576 0.000270661 0.000839004 -0.0018993 0.00116121 0.00205339 0.000120151 0.000412043 0.0006769 0.00268061 -0.00495528
internal_weight=54956.5 26806.4 16639.4 28150.1 10167 5018.41 18768.5 11621 11100.1 6152.94 9381.65 374.364 9701.13 7725.36 1975.77 12615.5 6741.77 5873.78 8171.67 7811.69 5443.09 359.971
internal_count=220344 107453 66754 112891 40699 20181 75321 46573 44485 24758 37570 1503 38834 30925 7909 50563 27036 23527 32724 31283 21899 1441
is_linear=0
shrinkage=0.03


Tree=34
num_leaves=23
num_cat=0
split_feature=71 14 29 98 45 12 95 98 86 74 97 97 74 74 75 37 69 87 86 97 62 97
split_gain=120.071 37.7685 27.882 26.7684 24.84 21.9668 20.7499 20.635 20.0275 25.9269 16.6755 16.5894 15.2716 14.0767 13.1277 20.7084 12.4944 12.3751 11.2277 10.8135 14.0735 9.04325
threshold=0.50977378412039542 -0.17555762623591756 -0.00025011072608571711 -0.8783796973249266 0.41008475340260708 -0.023787008286513086 1.4915302168206066 -0.60785761079279388 0.50566261703841953 0.0065290659961524987 0.54643492068321298 -0.91959550581536675 0.0011576079029503199 0.0049313898743747319 0.29242581333147316 0.41757348616814044 -0.012255559733838293 0.58276554603070074 0.34475912809313186 -0.27982901403099208 0.0013825903684406393 0.84915165824291627
decision_type=2 2 2 2 2 2 2 2 2 2 2 2 2 2 2 2 2 2 2 2 2 2
left_child=2 12 5 -3 17 14 8 13 10 -10 -4 -6 -2 -7 18 -16 -9 -5 -1 -8 -21 -14
right_child=1 3 6 4 11 7 19 16 9 -11 -12 -13 21 -15 15 -17 -18 -19 -20 20 -22 -23
leaf_value=-0.011456773268592797 -0.0088691400574266027 -0.0051797255735423348 0.00077837729191437008 0.00053898816259764933 -0.0067894009427451139 0.0056044005682054174 -0.0048100112545744807 0.0058920657327080376 -0.0016687073801952431 0.0080236087051627249 0.0035966804451094962 -0.0024031574444828207 0.00067708990503165094 0 0.0022910841438306255 -0.0073229003598351888 0.0016916746734942369 -0.0019633101511534802 0 0.0087297621338099183 -0.0018947628659168106 -0.0016478490877885289
leaf_weight=164.18354874849319 158.34575867652893 2403.7771486341953 6093.5120150744915 4279.1669707745314 914.71947059035301 2922.1784840524197 914.95093208551407 709.67637766897678 3388.9464282393456 255.96080158650875 2814.6880280971527 6412.5025145113468 8083.8686853945255 435.78101374208927 1058.2520145326853 237.25892317295074 8031.5745613723993 2989.6799412071705 143.00475324690342 128.0972808599472 586.60961890220642 1827.8434996306896
leaf_count=660 634 9645 24403 17130 3686 11747 3664 2856 13562 1025 11274 25772 32363 1752 4253 950 32254 11971 575 513 2349 7317
internal_value=5.11161e-05 -0.00137017 0.0014341 -0.0022324 -0.00173764 0.00240047 0.000493107 0.00283915 0.00091239 -0.000943357 0.00168199 -0.0029715 7.72521e-05 0.0048563 -0.000852504 0.000418842 0.00204932 -0.000479127 -0.00634209 -0.00266757 0 0.000238042
internal_weight=54954.6 27069.9 27884.7 16999.8 14596.1 13701.9 14182.8 12099.2 12553.1 3644.91 8908.2 7327.22 10070.1 3357.96 1602.7 1295.51 8741.25 7268.85 307.188 1629.66 714.707 9911.71
internal_count=220355 108518 111837 68204 58559 55047 56790 48609 50264 14587 35677 29458 40314 13499 6438 5203 35110 29101 1235 6526 2862 39680
is_linear=0
shrinkage=0.03


Tree=35
num_leaves=23
num_cat=0
split_feature=66 23 67 47 24 92 28 81 7 95 14 81 53 86 97 79 3 86 79 38 94 53
split_gain=129.711 39.1179 34.6093 26.0078 20.7958 15.8743 25.9729 16.4056 15.4368 14.2262 13.9033 13.6781 15.157 13.5332 19.4767 18.116 13.4194 13.529 13.3622 13.6607 12.8839 12.8496
threshold=4.2378565748624204e-05 0.87473502268080916 -0.00076816480945890431 0.22231142068944246 -0.0067579701749350676 -0.0007973204240556141 -0.012594960611330528 -0.0074412161926584721 0.011729916535348274 -0.061697787437532195 -0.24378153776564379 0.00015087908028832422 -0.84139836728331052 0.51189143215766164 0.46174861323503363 0.01635965747855073 -0.0030717466292422553 0.36754373769517218 -0.015727464702321278 0.46048140178693492 -0.012420612656995454 -0.35275490305969309
decision_type=2 2 2 2 2 2 2 2 2 2 2 2 2 2 2 2 2 2 2 2 2 2
left_child=2 4 5 11 -2 6 7 -1 9 -5 -10 -3 -13 18 15 -15 -6 -18 21 -20 -8 -4
right_child=1 3 13 8 16 -7 20 -9 10 -11 -12 12 -14 14 -16 -17 17 -19 19 -21 -22 -23
leaf_value=0.0031371642109530354 0.0058675001287722371 0.00064061010211359547 -0.0089332859299840646 -0.0030103652334926038 -0.0051363517671784856 0.0013847633550163794 0.0021161337159926706 -0.0026104845078414474 0.0054640185634609239 -0.0060960029956328545 -0.0025051048482206085 0.0011912041979678951 -0.0034312808144712731 -0.00031698956576432091 -0.003258732368968076 0.006559841600664181 0.0011711881955416387 -0.0010373994733649384 0.0035666823524397422 0.00035859989524265098 0.0053671764697884941 0.0012270565398873614
leaf_weight=847.45595410466194 433.9657715857029 2086.4519661515951 213.01656500995159 2763.9996589571238 585.33016066253185 8997.1779446154833 1749.0645729154348 920.70789980888367 238.03239107131958 3050.4556227475405 901.11619983613491 788.59462712705135 2781.1291913539171 3562.6899784654379 2054.2917841523886 370.06949724256992 3231.9585590660572 10501.818474560976 1941.6433343738317 3275.3710212856531 3653.6991073340178 194.14432945847511
leaf_count=3409 1743 8372 853 11109 2345 36085 7024 3702 953 12257 3626 3159 11168 14266 8225 1482 12945 42041 7787 13112 14683 778
internal_value=-9.55159e-05 -0.0015628 0.00134657 -0.00279065 -0.000506051 0.00224373 0.00330549 9.58188e-05 -0.00402442 -0.00465233 -0.000728529 -0.00125355 -0.0023845 8.87142e-05 -0.00089482 0.000322284 -0.000709454 -0.000510632 0.00115141 0.00157433 0.00433718 -0.00395956
internal_weight=55142.2 27362.9 27779.3 12609.8 14753.1 16168.1 7170.93 1768.16 6953.6 5814.46 1139.15 5656.18 3569.72 11611.2 5987.05 3932.76 14319.1 13733.8 5624.18 5217.01 5402.76 407.161
internal_count=221124 109718 111406 50644 59074 64903 28818 7111 27945 23366 4579 22699 14327 46503 23973 15748 57331 54986 22530 20899 21707 1631
is_linear=0
shrinkage=0.03


Tree=36
num_leaves=23
num_cat=0
split_feature=66 14 2 68 68 74 60 92 12 82 60 3 25 2 47 89 5 14 5 0 43 75
split_gain=101.654 39.2797 33.5152 30.0391 22.8156 19.057 18.6168 18.0067 19.3408 17.5033 16.037 15.5409 14.3793 13.2861 13.0738 12.7847 12.6012 12.5808 12.8416 12.3535 12.0787 11.2342
threshold=4.2378565748624204e-05 0.031448350229301918 -0.0007107960207050067 0.00062986789265062637 -0.00066668764186733609 0.0063701658033326457 0.0038969929582944578 -0.0015772718424661989 -0.013203499876847489 0.00073024698531987131 0.001377160293290945 0.00034869398966375092 -2.6968749244656043 -0.0029899288443337442 0.3076552212810757 0.0030079590273587573 -0.0010911235409605811 0.57151159200317714 0.00096333539460835571 0.0031608894869319302 -0.021439698918067466 0.35319992951604912
decision_type=2 2 2 2 2 2 2 2 2 2 2 2 2 2 2 2 2 2 2 2 2 2
left_child=2 6 10 5 7 14 9 8 -4 -2 12 15 -1 21 -3 -6 -9 19 -19 -5 -11 -12
right_child=1 3 4 17 11 -7 -8 16 -10 20 13 -13 -14 -15 -16 -17 -18 18 -20 -21 -22 -23
leaf_value=0.0097146800905907032 0.00080655261201229207 -0.00043133850492324207 6.1095204523842507e-05 -0.0033180327457468083 -0.0083901670541738065 0.0035669693043680131 0.0063306459987180928 -0.00098969381450354798 0.0049672022968012489 -0.0030070265997299691 0.0016439387746823681 0.0012849311865293141 0.0032606758163633205 8.3868212169834589e-05 -0.0039711856281327276 -0.0013202612916719115 0.0019342628162201819 0.00022781453023305336 -0.0055913038166188842 5.4308786363061705e-05 -0.00023207526329893031 0.0061031751389869042
leaf_weight=340.00005802512169 6659.7411522567272 3788.8979297876358 1157.5876144468784 3911.4853954911232 238.71500630676746 810.00360651314259 390.51418988406658 2736.0294335186481 2100.7652607709169 2513.3107620626688 1821.3219255506992 2256.248251914978 5655.9711081534624 3203.2506390810013 1273.9759385883808 4921.3070791363716 2525.0609823465347 351.78321787714958 2937.8013647198677 1232.503086656332 3385.8988018333912 755.67208711802959
leaf_count=1374 26677 15175 4645 15709 956 3244 1564 10968 8430 10064 7325 9039 22708 12850 5106 19704 10109 1411 11839 4944 13565 3038
internal_value=6.59774e-05 -0.00123294 0.00134675 -0.00231596 0.000442519 -0.000648083 -2.86089e-05 0.0015044 0.00325728 -0.000238387 0.00256131 -0.00076558 0.0036572 0.00140462 -0.00134589 -0.00168034 0.000397592 -0.00346462 -0.00494294 -0.00249402 -0.00143264 0.00300488
internal_weight=54967.8 27255.9 27711.9 14306.5 15935.7 5872.88 12949.5 8519.44 3258.35 12559 11776.2 7416.27 5995.97 5780.24 5062.87 5160.02 5261.09 8433.57 3289.58 5143.99 5899.21 2576.99
internal_count=220444 109298 111146 57428 63851 23525 51870 34152 13075 50306 47295 29699 24082 23213 20281 20660 21077 33903 13250 20653 23629 10363
is_linear=0
shrinkage=0.03


Tree=37
num_leaves=23
num_cat=0
split_feature=37 38 98 97 91 90 22 60 48 97 91 97 12 76 72 29 95 98 41 89 81 91
split_gain=86.3927 34.9651 28.3046 17.5419 26.6966 25.0078 22.8786 16.475 15.1702 28.4966 25.3112 16.3444 14.6787 14.495 14.0904 14.0719 13.4232 18.567 15.0803 12.7775 12.7074 12.6748
threshold=0.44523214124859767 0.6063086659823701 -0.8783796973249266 -0.32143946530316164 0.0015862968580721141 0.263724074497725 0.0015709615374351895 0.0029974055901413918 -0.15654879236522781 -0.087155742747658124 0.10209729953444709 -0.89194178735545482 -0.01956724614028171 0.14802907374116672 0.2177925501761552 -0.00090394492754219946 -1.1630705532047787 -0.8783796973249266 0.96407412550452765 0.011126489113837866 0.0090914309089260587 -0.10411350365605238
decision_type=2 2 2 2 2 2 2 2 2 2 2 2 2 2 2 2 2 2 2 2 2 2
left_child=2 3 12 6 20 -6 21 16 9 10 -4 19 -1 -13 -11 -14 18 -18 -3 -10 -5 -2
right_child=1 7 8 4 5 -7 -8 -9 11 14 -12 13 15 -15 -16 -17 17 -19 -20 -21 -22 -23
leaf_value=-0.0041179206850511241 -0.0026457700103545635 0.0026143270090352392 -0.00045857433438947109 0.0016162498364781393 -0.0024997404174655095 0.00096978583885304727 -0.0040826729815937393 0.0014901489551346217 0.0048131321725362964 -0.0029486221522285459 0.008076832240802986 -0.00038626675674134034 0.0088282429630086295 0.0047974669917494415 0.00500733960391177 0.0036163734140570495 -0.0076902794648112897 -0.0027323456178106769 -0.0052570326340063518 -0.0023887451036345708 -0.0037664607796799162 7.5907200820555731e-05
leaf_weight=140.161162301898 1957.073607057333 743.21107594668865 2927.3310421705246 9318.1028912812471 4282.9198811352253 3258.5364689081907 2010.1361408978701 841.32534325122833 1153.1543168723583 194.17203564941883 338.62631483376026 7346.364787876606 737.72203813493252 509.49150072038174 2898.3402501195669 1610.2745972424746 790.96842758357525 6129.4615065306425 297.22731326520443 249.20811723172665 393.4920509904623 6825.8168001025915
leaf_count=564 7834 2988 11776 37303 17145 13044 8057 3376 4626 780 1363 29464 2975 2042 11659 6463 3185 24658 1199 1000 1575 27324
internal_value=6.31728e-05 -0.000768887 0.0017611 -0.000247279 0.000342083 -0.000989399 -0.00119717 -0.00241849 0.00127793 0.00240872 0.000420888 0.000489841 0.00474039 -3.29622e-05 0.0044709 0.00532256 -0.0028442 -0.00332228 0.000251358 0.00346174 0.00138525 -0.000522642
internal_weight=54953.1 36848.3 18104.8 28046.1 17253.1 7541.46 10793 8802.19 15616.7 6358.47 3265.96 9258.22 2488.16 7855.86 3092.51 2348 7960.87 6920.43 1040.44 1402.36 9711.59 8782.89
internal_count=220400 147688 72712 112282 69067 30189 43215 35406 62710 25578 13139 37132 10002 31506 12439 9438 32030 27843 4187 5626 38878 35158
is_linear=0
shrinkage=0.03


Tree=38
num_leaves=23
num_cat=0
split_feature=67 21 35 66 64 98 86 58 83 93 68 66 53 67 28 69 24 93 75 21 41 68
split_gain=93.8083 36.6933 36.068 27.2806 24.5698 24.1764 22.0005 20.3742 20.098 19.8406 16.6287 16.3971 15.0232 14.4689 14.3848 15.0703 12.9593 12.704 12.4922 11.7082 11.4386 10.0862
threshold=-0.00035895752810133347 1.2755080938667465 0.36373891902131078 -0.00066754683792669123 0.001916120218956138 -0.8783796973249266 0.55868299657800147 0.00058752693236046292 -0.001926418839090893 0.00015242916259605724 9.1134670209158677e-05 0.00025673584984864389 1.2236215276743951 -0.018795199097982603 -0.0072056221587271088 -0.00011907565783292327 0.0033730427882403551 -0.010879124594860011 0.45191536320737596 -1.478689447002026 0.58543208868310526 -0.0016268178575002399
decision_type=2 2 2 2 2 2 2 2 2 2 2 2 2 2 2 2 2 2 2 2 2 2
left_child=2 6 5 -3 9 21 -2 -8 13 12 20 -11 -4 -7 15 -6 -16 -12 -9 -10 -5 -1
right_child=1 3 4 10 14 8 7 18 19 11 17 -13 -14 -15 16 -17 -18 -19 -20 -21 -22 -23
leaf_value=0.0085535446107513832 0.00042596875255134772 0.0051618273028555678 0.0016169219744513754 -0.0041250952682496756 0.0013024932994327315 -0.0053815197709790215 -0.0050355377000095725 -0.0013311772431158669 0.0021894494087517438 -0.00060101918698142649 -0.00011964254383192963 -0.0044923537246118134 -0.0047541087311633069 0.0041433639156644875 0.0045899819054759676 -0.0073008604590382182 -0.00098210098954176045 -0.0038930702861110123 0.0026688671826101346 -0.00064110530422448913 0.0022473758228846435 0.0029360067848225157
leaf_weight=858.7866748124361 13330.361511543393 375.26800514757633 3989.8692666590214 347.16461464762688 974.60844801366329 132.5430636703968 1266.0053953677416 6437.8340724259615 3012.81436419487 3617.4174093157053 967.74401931464672 1363.766588807106 347.99808675050735 3942.4509986788034 2232.1855554878712 214.21525712311268 416.94248798489571 6771.493494912982 766.57058197259903 2254.3361468017101 846.44207781553268 541.63536164164543
leaf_count=3466 53380 1504 15985 1392 3907 533 5072 25788 12115 14480 3884 5461 1395 15876 8938 858 1670 27253 3070 9044 3392 2178
internal_value=7.7198e-05 -0.00100682 0.00149181 -0.00258397 0.000429991 0.00278229 -0.000328436 -0.0015254 0.0022119 -0.000394046 -0.00292484 -0.0016913 0.00107536 0.00379911 0.00245008 -0.000220648 0.00367876 -0.0034336 -0.000889976 0.000962 0.000300272 0.0064809
internal_weight=55008.5 31108.9 23899.6 9308.11 13157 10742.6 21800.8 8470.41 9342.14 9319.05 8932.84 4981.18 4337.87 4074.99 3837.95 1188.82 2649.13 7739.24 7204.4 5267.15 1193.61 1400.42
internal_count=220641 124735 95906 37425 52694 43212 87310 33930 37568 37321 35921 19941 17380 16409 15373 4765 10608 31137 28858 21159 4784 5644
is_linear=0
shrinkage=0.03


Tree=39
num_leaves=23
num_cat=0
split_feature=71 66 18 67 97 97 48 21 56 76 21 99 67 18 91 15 75 99 97 40 66 34
split_gain=88.5035 41.1927 26.6036 22.045 22.2653 21.4083 17.1322 17.032 15.6902 25.3818 18.2726 14.4885 14.1558 13.5536 12.6191 12.1082 11.7785 11.681 13.7143 13.6045 11.5208 11.2422
threshold=0.53300264751775728 -0.00086782669066692842 0.31917237442922736 0.00017310681657678464 -0.32143946530316164 -0.89194178735545482 0.047243711543312313 1.1602618696642428 0.00035823276603125909 0.069949267148007158 -2.2540632535763669 0.81174490092936691 0.0022031332668472907 0.36205166290670315 -0.24104927589801142 0.48951415966875506 0.27691643225006873 0.81174490092936691 0.34202014332566844 0.57503432170263691 -0.0018751548211858313 0.00090786519010255262
decision_type=2 2 2 2 2 2 2 2 2 2 2 2 2 2 2 2 2 2 2 2 2 2
left_child=3 17 15 8 7 21 11 14 9 -1 -10 -6 -7 -9 -5 -3 -12 18 20 -20 -2 -4
right_child=1 2 5 4 6 12 -8 13 10 -11 16 -13 -14 -15 -16 -17 -18 -19 19 -21 -22 -23
leaf_value=0.0044480456878943798 -5.7196066226652681e-05 -0.0048208470016944836 0 -0.0067770039161288084 0.0012519572583646248 -0.0011323671527537927 0.0062122911670995113 0.0041900407270869643 0.0059176972034569496 -0.003015031046605365 0.00046440456714920951 -0.0031644352205268036 -0.0033274471969648293 -0.006383232727644089 0.00011099456416118398 7.6040888690631661e-05 0.0020697466275035022 0.0050479276996920853 0.00036879521027001266 -0.0058132531248133923 0.0042831269922778926 -0.0065317574079066833
leaf_weight=3195.6289934068918 981.13651588559151 478.58506445586681 272.1438432186842 254.03338845074177 4325.5296885967255 6183.9945772588253 530.99655117094517 106.11967492103577 745.36220487952232 448.34921628236771 10435.464981436729 773.34749700129032 4877.7579408288002 915.05967977643013 2331.8352417349815 6093.9082852751017 7002.850661277771 666.55900448560715 983.20901830494404 448.46547064185143 1136.3752932995558 1631.1128881275654
leaf_count=12824 3929 1916 1091 1017 17322 24803 2127 425 3009 1797 41881 3097 19619 3670 9337 24404 28111 2669 3936 1796 4550 6567
internal_value=0.000114183 -0.00126222 -0.00184443 0.0011696 -4.95166e-05 -0.00263297 0.0011188 -0.00189595 0.0016894 0.00349943 0.00132001 0.000559623 -0.00211056 -0.00516721 -0.000554506 -0.000273642 0.00111505 0.0014127 0.000692433 -0.00153217 0.00223894 -0.00559526
internal_weight=54817.8 23753.2 19537.5 31064.6 9236.92 12965 5629.87 3607.05 21827.7 3643.98 18183.7 5098.88 11061.8 1021.18 2585.87 6572.49 17438.3 4215.75 3549.19 1431.67 2117.51 1903.26
internal_count=219897 95280 78400 124617 36995 52080 22546 14449 87622 14621 73001 20419 44422 4095 10354 26320 69992 16880 14211 5732 8479 7658
is_linear=0
shrinkage=0.03


Tree=40
num_leaves=23
num_cat=0
split_feature=67 1 68 21 66 62 94 74 98 48 44 91 66 35 98 87 95 13 95 37 12 28
split_gain=95.2033 28.6821 28.6363 20.9911 16.7858 17.0207 14.7251 14.7135 13.095 12.4268 14.1343 12.6534 11.3201 11.0929 10.4781 15.3506 9.70349 9.64241 9.95179 9.20051 11.6223 8.32731
threshold=-0.00062321155719868837 6.734119560714015e-05 0.00087389527147885293 -1.1001468400297119 -0.00086782669066692842 0.0010466162631997155 -0.011232226137512012 0.00093402189726353425 -0.8783796973249266 0.12305443133689621 0.72195217819280766 0.28472711481842478 -0.001077300226099198 0.46650856310251537 -1.0000000180025095e-35 0.52160223674445405 -1.7563721898873699 3.1138776293015984e-06 -1.391358950838439 0.39810934429592137 -0.015053147818776034 0.0021240938604105701
decision_type=2 2 2 2 2 2 2 2 2 2 2 2 2 2 2 2 2 2 2 2 2 2
left_child=3 7 6 8 12 -6 21 -2 19 -5 11 -11 -4 -8 15 -9 -16 18 -10 20 -1 -3
right_child=1 2 4 9 5 -7 13 14 17 10 -12 -13 -14 -15 16 -17 -18 -19 -20 -21 -22 -23
leaf_value=-0.0015751217004337146 -0.0075590553712668535 0.0036922439537014191 -0.00082578594370210636 0.00099013094148406181 -0.0054207766133658741 -0.0024692854095059941 -0.0047916111119948781 0.002075022205049017 -0.0023852349074324434 -0.0063616793222637689 0.0035532604365103759 0.0040755028078624002 0.0071173935751042416 -0.00054973157184934958 -0.0076389339345951292 -0.00066296322896389746 -0.00055511771337412284 0.0043969515117225043 0.0019718036380412958 0.00079920447696150824 0.0082638219171235726 -0.0019956125818004597
leaf_weight=103.92202319204807 227.59625925123692 1038.8086736053228 902.94049637019634 11199.492718040943 2650.132217079401 5974.6292350888252 634.97245168685913 3975.6288442611694 482.9881881326437 614.99183191359043 233.98305678367615 107.37376075983047 184.0182212293148 4629.9559975117445 170.06339609622955 3353.808925807476 9241.9091302901506 1452.7781129777431 6358.2152440547943 322.77401120960712 813.3894584774971 268.04390430450439
leaf_count=420 912 4160 3616 44878 10668 24024 2543 15925 1942 2464 938 430 737 18552 681 13436 37014 5844 25575 1294 3288 1074
internal_value=-3.0895e-06 -0.0010132 -0.00191268 0.0015411 -0.00294811 -0.00339184 -0.000366709 -0.000144131 0.0025978 0.000703458 -0.00253605 -0.00465292 0.000489545 -0.0010865 -3.35019e-05 0.000810714 -0.000700638 0.00214508 0.00164803 0.00551231 0.00704715 0.00245099
internal_weight=54942.4 33252.5 16283.5 21689.9 9711.72 8624.76 6571.78 16969 9534.07 12155.8 956.349 722.366 1086.96 5264.93 16741.4 7329.44 9411.97 8293.98 6841.2 1240.09 917.311 1306.85
internal_count=220415 133342 65374 87073 39045 34692 26329 67968 38363 48710 3832 2894 4353 21095 67056 29361 37695 33361 27517 5002 3708 5234
is_linear=0
shrinkage=0.03


Tree=41
num_leaves=23
num_cat=0
split_feature=36 36 98 51 47 54 86 85 29 86 95 69 69 40 75 95 43 47 26 83 83 75
split_gain=78.7149 31.629 19.887 17.6169 15.6796 19.4407 15.3884 26.3983 16.3443 14.9375 14.5355 16.4246 14.521 11.1092 13.1123 11.5422 10.9201 13.6541 13.3672 13.5013 11.3976 10.7081
threshold=0.62868803572152909 0.35864029780343248 -0.8783796973249266 0.61658060302857243 0.21944528960584622 1.612541742154278 0.51354062225487984 0.027408734136261329 -0.00028774633108064046 0.74580038094862677 1.6367894111690739 -0.008694810492501202 -0.0064909284689296789 0.68491263613384212 0.32546096335519731 -1.579700194272651 -0.0073953328584050832 0.17892239811333585 -0.014362516860105144 0.00060989401767341811 -0.021049346464304893 0.14225811501895899
decision_type=2 2 2 2 2 2 2 2 2 2 2 2 2 2 2 2 2 2 2 2 2 2
left_child=1 16 21 4 -4 -6 10 8 -8 -9 11 -3 -12 15 -15 -5 17 -1 20 -20 -18 -2
right_child=2 6 3 13 5 -7 7 9 -10 -11 12 -13 -14 14 -16 -17 18 -19 19 -21 -22 -23
leaf_value=0.00025970593109233002 0 0.0047300222391022688 0.0013953078307639539 0.0029697219536764679 -0.0023130321027578283 0.0076625292172344938 0.00021920279210439344 0.0041942400896701603 -0.0019573163314842647 -4.3835683073285688e-05 0.00068180875234848928 0.00072955442009337782 -0.0050001565831142613 0.0070889012438369306 -0.0043819861003331932 -0.0040731563087180326 0.00084224279993477813 0.0036396755395305905 0.0029979143750275619 -0.00098767240840012664 -0.0077273806450885952 -0.0065374496948667144
leaf_weight=1485.5461604446173 257.18510155379772 987.97594685852528 2093.722038090229 200.05989368259907 3620.9594896137714 171.49245026707649 4838.0972965806723 1415.6027216613293 8317.0881010144949 1488.5617941617966 805.42330445349216 14892.014506652951 754.94500312209129 187.26245371997356 146.77655725181103 3693.1116143167019 235.28080217540264 4563.1774871498346 1968.1509891748428 1196.965240240097 277.81318259239197 1289.7505302280188
leaf_count=5975 1035 3962 8403 805 14553 690 19366 5667 33297 5959 3227 59639 3023 756 592 14874 946 18387 7930 4814 1119 5191
internal_value=-5.59277e-05 0.000532536 -0.00224375 -0.00174256 -0.000660173 -0.00181931 9.22418e-05 -0.000574535 -0.00115046 0.00199839 0.000711355 0.000986928 -0.00202429 -0.00322338 0.00180614 -0.0036815 0.00203802 0.00282622 0.000713296 0.00146396 -0.00368472 -0.00543033
internal_weight=54887 43226.6 11660.3 10113.4 5886.17 3792.45 33499.7 16059.3 13155.2 2904.16 17440.4 15880 1560.37 4227.21 334.039 3893.17 9726.93 6048.72 3678.21 3165.12 513.094 1546.94
internal_count=220210 173311 46899 40673 23646 15243 134140 64289 52663 11626 69851 63601 6250 17027 1348 15679 39171 24362 14809 12744 2065 6226
is_linear=0
shrinkage=0.03


Tree=42
num_leaves=23
num_cat=0
split_feature=66 39 53 97 46 48 1 87 91 73 97 78 64 60 64 81 28 56 87 94 42 10
split_gain=78.0615 33.0416 31.1684 20.0433 22.7616 18.1786 15.6532 15.2935 14.9382 16.5446 25.8848 17.2888 14.6907 13.4508 12.2798 11.9396 11.761 14.6643 14.403 14.6666 13.5735 11.9079
threshold=0.00049065721980001708 0.41752329528801763 0.045974218103306187 -0.32143946530316164 -0.14924082160291355 0.099108802464232634 -0.0010102577772130859 0.47389233088993327 0.28472711481842478 0.54252595630996892 0.97854064376158201 0.0044703343986266528 0.0026428628450066664 0.001492624871790341 0.0012684900765967391 0.0013932485384879902 -0.025058101720005551 0.0017085119971543309 0.47270856701964831 0.0057530640100702532 0.12979485110488739 -0.023842168925175541
decision_type=2 2 2 2 2 2 2 2 2 2 2 2 2 2 2 2 2 2 2 2 2 2
left_child=1 16 3 4 -2 14 -4 -7 9 11 -11 -3 13 -10 -5 -8 17 -1 21 -20 -19 -18
right_child=2 8 6 5 -6 7 15 -9 12 10 -12 -13 -14 -15 -16 -17 18 20 19 -21 -22 -23
leaf_value=-0.0081216944491446664 -0.0010180977292339568 0.00066852908150038409 -0.00026233803068984567 -0.00054199464394508721 -0.0072073709013423621 0.0023116825739603634 -0.0021255232143157373 -0.0036549783278007507 0.0053303626423534334 -0.00041075152737211185 -0.0080320292361440414 0.0067040846392295416 0.0103699535591876 -0.003281897551024481 0.002236251055884798 -0.0045560099924233793 -0.0016814571504624189 -0.0058185616999083907 -0.00089629589381926965 0.0035514072043349239 0.0053658090959541101 0.0048142204735097281
leaf_weight=179.17365618050098 3367.977979362011 17241.830292969942 2167.0474844872952 2077.5794766843319 640.39825785160065 506.35488045215607 4469.9715913832188 1393.8794981539249 373.05750443041325 6706.1268295347691 419.7752450555563 432.45395916700363 250.01500278711319 263.29759019613266 4271.3473861068487 3390.5233055949211 247.1332318931818 127.00282174348831 1241.7495155185461 1365.6279704272747 302.4314206391573 3563.8760103136301
leaf_count=720 13490 69091 8684 8321 2576 2032 17959 5596 1495 26873 1682 1732 1002 1055 17106 13665 994 511 5008 5508 1215 14361
internal_value=4.11181e-05 0.000975433 -0.0013262 -0.000302552 -0.0020448 0.000534583 -0.00256699 -0.00201415 0.000472056 0.000330468 -0.000882947 0.000825004 0.00428533 0.00163208 0.00131354 -0.00318977 0.00279941 -0.00106226 0.00318067 0.0014035 0.00179615 0.00436614
internal_weight=54998.6 32713.6 22285.1 12257.5 4008.38 8249.16 10027.5 1900.23 25686.6 24800.2 7125.9 17674.3 886.37 636.355 6348.93 7860.49 7026.99 608.608 6418.39 2607.38 429.434 3811.01
internal_count=220676 131247 89429 49121 16066 33055 40308 7628 102930 99378 28555 70823 3552 2550 25427 31624 28317 2446 25871 10516 1726 15355
is_linear=0
shrinkage=0.03


Tree=43
num_leaves=23
num_cat=0
split_feature=66 2 21 82 97 18 92 97 62 97 62 81 64 2 83 1 1 97 80 82 33 52
split_gain=68.1597 39.5053 36.0655 22.4735 19.5567 21.6393 17.5347 24.2024 17.8932 15.8082 15.5955 14.4836 14.4753 13.8134 17.501 12.5166 11.7374 11.7321 11.5419 9.63461 10.5373 9.44783
threshold=4.2378565748624204e-05 -0.00065375264829214952 2.0312964584888058 0.00024796582330355316 -0.32143946530316164 0.57669307284535698 -0.0007973204240556141 0.46174861323503363 0.0015167303328451835 -0.99512551815703254 0.0011831834906562057 0.0007685730968648442 0.0016488850403886192 0.00088663773128738754 -0.001054137669401378 -0.00043909949629072903 -0.00059897909710759911 0.63435554093529944 0.49626140597016505 0.0081494353067369536 0.0052180426544589107 -1.1155177093751913
decision_type=2 2 2 2 2 2 2 2 2 2 2 2 2 2 2 2 2 2 2 2 2 2
left_child=1 9 3 4 5 -2 7 8 -3 -1 -6 18 -13 17 -15 16 -11 -8 -5 20 -4 -9
right_child=2 6 19 11 10 -7 13 21 -10 15 -12 12 -14 14 -16 -17 -18 -19 -20 -21 -22 -23
leaf_value=0.0085284060993560725 0.00041745705612745488 0.0015084756492127704 -0.005775536573427411 0.00048943414072874188 -0.00048683110794516346 -0.0034529331731093073 -0.00072764814574139531 0 -0.0025598330411071468 0.0024456053580386773 0.0022242278396065124 -0.0035038460573615787 -0.00090070789311120245 0.0058634490667425149 -0.00014556591572882451 0.00074923422105907436 0.0066374072962235419 -0.0036064976882760444 -0.0033989939193338811 -0.01112648896330685 -0.00022149467359440351 0.0048536214337778025
leaf_weight=359.55506312847137 2827.1055460125208 2469.3770797997713 1115.0542919039726 3477.4163114875555 3268.2761641442776 2339.8984928578138 4623.2845700830221 430.42687228322029 1589.200139477849 6951.8199725300074 4425.8927202224731 4746.7976372241974 3427.3675083816051 518.84869201481342 2341.7225949317217 4082.2333893030882 688.5094079375267 1817.5398001074791 840.79533523321152 225.18701994419098 471.62040637433529 1702.9762875884771
leaf_count=1446 11330 9906 4496 13934 13097 9387 18518 1725 6374 27963 17737 19072 13750 2078 9382 16388 2766 7280 3376 911 1909 6834
internal_value=-6.09471e-06 0.00104276 -0.00107408 -0.0007766 9.71781e-05 -0.00132116 3.38644e-05 0.00127522 -6.47906e-05 0.00232796 0.00106182 -0.00168273 -0.0024258 -0.000783327 0.000929622 0.002123 0.0028433 -0.00155832 -0.000252988 -0.00516026 -0.00419276 0.00385485
internal_weight=54740.9 27575.5 27165.4 25353.5 12861.2 5167 15493.4 6191.98 4058.58 12082.1 7694.17 12492.4 8174.17 9301.4 2860.57 11722.6 7640.33 6440.82 4318.21 1811.86 1586.67 2133.4
internal_count=219659 110660 108999 101683 51551 20717 62097 24839 16280 48563 30834 50132 32822 37258 11460 47117 30729 25798 17310 7316 6405 8559
is_linear=0
shrinkage=0.03


Tree=44
num_leaves=23
num_cat=0
split_feature=66 46 35 83 92 86 93 91 75 14 64 84 75 75 49 13 72 0 55 64 84 2
split_gain=70.9206 30.1447 26.2664 15.7187 14.0314 15.8924 16.5678 13.1021 19.9872 12.3979 11.7951 17.0886 12.8257 11.3938 11.0243 10.5468 10.4669 10.2759 16.7862 9.96233 13.1733 11.4985
threshold=4.2378565748624204e-05 -0.17113043478260132 0.38571710587719815 6.3211678217989245e-05 -0.024931735120343797 0.50566261703841953 0.021157238981523666 -0.30012082747684204 0.30107929004717499 0.79647534821115018 0.0010650403820540548 0.0096463615054210878 0.21755194459145863 0.11859047870688624 0.92759988332826449 1.0000000180025095e-35 0.4589451313410684 0.00311876570682908 0.18584070796457511 0.00086570333610932104 -0.0026509994614083428 -0.0010412313699920681
decision_type=2 2 2 2 2 2 2 2 2 2 2 2 2 2 2 2 2 2 2 2 2 2
left_child=2 3 13 7 -4 9 -7 -2 -9 -6 11 -5 -12 16 17 -16 -1 -3 -19 20 -15 -21
right_child=1 14 4 10 5 6 -8 8 -10 -11 12 -13 -14 19 15 -17 -18 18 -20 21 -22 -23
leaf_value=0.0025929446019756471 -0.0042561162146952025 -0.0023627451798987251 -0.0084852494187534593 -0.002060313526925356 0.0020105977702819804 -0.0009825106396018433 0.0031556985694467595 -0.00017730712228903895 0.0028122134591314317 -0.0015626232124187505 0.001349720382638455 -0.010468650261842915 -0.0013980006628373394 0.0082230866057291605 -0.0047911738464159375 -0.00082164986626436897 -0.006528071537389552 0.0063443014367459347 -0.0018078253322833804 0.0026871286702780349 0.0027491473046736756 0.00051343637701150582
leaf_weight=178.62434066832066 485.76244565844536 2869.6677412986755 150.10627733170986 2813.9599436819553 5905.5211220383644 7124.4402935504913 975.46822489798069 6510.1227220892906 2871.9378178268671 988.99426355957985 2213.7880762666464 235.19907902181149 4761.9537592828274 563.42695812880993 2662.5022744238377 858.62331268191338 245.16432757675648 350.88053508102894 581.9873268455267 6437.8795619159937 1656.294763609767 3496.9145361036062
leaf_count=720 1946 11522 601 11287 23660 28525 3906 26083 11509 3963 8870 944 19086 2271 10755 3468 984 1406 2337 25922 6657 14049
internal_value=0.000102672 -0.000983202 0.00117192 -0.000371623 0.000322961 0.000422733 -0.000469774 0.000471616 0.000730251 0.00148348 -0.00121026 -0.00277042 -0.00051243 0.00218587 -0.00262934 -0.00385376 -0.002505 -0.0014648 0.00119776 0.00235875 0.0042096 0.00193235
internal_weight=54939.2 27216.4 27722.8 19892.7 15144.5 14994.4 8099.91 9867.82 9382.06 6894.52 10024.9 3049.16 6975.74 12578.3 7323.66 3521.13 423.789 3802.54 932.868 12154.5 2219.72 9934.79
internal_count=220471 109213 111258 79725 60655 60054 32431 39538 37592 27623 40187 12231 27956 50603 29488 14223 1704 15265 3743 48899 8928 39971
is_linear=0
shrinkage=0.03


Tree=45
num_leaves=23
num_cat=0
split_feature=67 19 86 19 85 89 62 97 77 25 68 60 84 68 80 42 26 32 33 97 84 67
split_gain=70.4531 32.0624 22.7529 22.0648 21.1234 17.1457 14.62 19.8886 19.2297 18.0928 14.6736 13.8769 13.5623 12.8563 11.73 11.6397 11.5808 11.5356 11.4838 10.4613 9.84221 14.7382
threshold=-0.00076816480945890431 0.84937438811971189 0.51729422335403996 -1.5134802010530477 0.029474201827990546 0.0027373676452944642 0.0010406845154583768 -0.30070579950427329 0.00071296772997686564 0.50547466109134553 0.0019298301019359256 0.00077517379041048737 0.00074210040287558965 0.0039589218963081993 0.78501082358158503 0.43785854670287405 -0.0037100771002114281 -0.00237380698246159 0.0078922915165920999 0.99845357241023069 0.0016403705489813627 -0.00082352309950733938
decision_type=2 2 2 2 2 2 2 2 2 2 2 2 2 2 2 2 2 2 2 2 2 2
left_child=3 2 11 14 5 -4 8 10 9 -3 -8 12 -2 20 16 -9 -1 -18 -15 -13 -5 -22
right_child=1 6 4 13 -6 -7 7 15 -10 -11 -12 19 -14 18 -16 -17 17 -19 -20 -21 21 -23
leaf_value=0.0076095559298266146 0.0036083516478080712 -0.0034152316978101989 -0.011920477909650999 0.0017078061318392529 0.0020377352201493551 -0.0014793603909171375 -0.00067982685795269068 -0.0029111293364753746 -0.0052806185637616883 0.0019457256221674648 -0.004872293069362558 1.8018753728124232e-05 -0.0012796909289011209 -0.0074050112449156741 0.00050453950121094777 0.00066090827404189766 -0.001701629219120721 0.0045127201130402044 0.004126399794528425 0.0085410791211727316 2.1621358106179091e-05 0.0093794850571302484
leaf_weight=874.0189111828804 2406.803658619523 1481.5967698693275 136.91183876991272 9977.9977320581675 1613.4249281585217 8906.7003110200167 1389.6414789110422 1016.5362073928118 2342.2854870557785 882.88930329680443 1793.1794701218605 7583.6285358220339 611.10098533332348 284.81389984488487 813.13256035745144 4074.0686132758856 325.92314341664314 1085.3576662689447 87.319102495908737 122.29990784823895 7047.811960965395 145.29400540888309
leaf_count=3533 9643 5933 549 40080 6461 35680 5575 4077 9451 3542 7235 30381 2447 1141 3289 16369 1314 4362 350 490 28260 582
internal_value=6.04909e-06 -0.000824419 -0.000105722 0.00139257 -0.00109066 -0.00166036 -0.00200033 -0.00122127 -0.00334516 -0.00137581 -0.00307788 0.000864805 0.00258788 0.000972198 0.00373298 -3.90512e-05 0.00483528 0.00301237 -0.00442653 0.000175846 0.00109695 0.000235895
internal_weight=55002.7 34361.1 21380.9 20641.7 10657 9043.61 12980.2 8273.43 4706.77 2364.49 3182.82 10723.8 3017.9 17543.2 3098.43 5090.6 2285.3 1411.28 372.133 7705.93 17171.1 7193.11
internal_count=220744 137833 85651 82911 42690 36229 52182 33256 18926 9475 12810 42961 12090 70413 12498 20446 9209 5676 1491 30871 68922 28842
is_linear=0
shrinkage=0.03


Tree=46
num_leaves=23
num_cat=0
split_feature=67 1 46 68 84 74 82 14 98 47 39 44 76 47 81 12 18 81 39 21 41 86
split_gain=64.6685 24.7597 22.29 18.1018 19.3201 15.434 14.8723 18.02 19.4671 14.8108 14.8077 14.8797 16.0687 14.22 15.9166 14.1011 13.6642 13.0545 12.7033 12.5391 11.4875 11.3354
threshold=-0.00062321155719868837 -6.5339151381627034e-05 -0.89685448753699903 0.00097376422458883571 -0.0026509994614083428 0.0010502322462620911 -0.0020487835931699556 -0.048435908862897135 -0.60785761079279388 0.5492743800631662 0.42047039922663249 0.48208630214903037 0.13782889216281699 0.19913242695953412 0.0062115460034822831 -0.021118898347276423 0.666666666666765 0.0017163346291905193 0.31801786573106111 -0.32521802282004181 0.20551031810625323 0.24258558626809065
decision_type=2 2 2 2 2 2 2 2 2 2 2 2 2 2 2 2 2 2 2 2 2 2
left_child=2 5 10 4 9 -2 15 8 -8 -3 18 12 -12 14 -5 21 -15 20 -1 -6 -7 -4
right_child=1 3 6 13 19 17 7 -9 -10 -11 11 -13 -14 16 -16 -17 -18 -19 -20 -21 -22 -23
leaf_value=0.00050706962564490532 -0.0080573205161722054 0.001833238720464691 0.0015828765306857096 -0.0014210360066492806 -0.0053934042806547521 -0.0025698892162961734 0.0045496725162529634 -0.00091807717907211304 0.00027192447955961001 -0.0096605487527750382 -0.0022679481103327513 0.0059414092289445586 0.0077366934838406691 -0.0015416544219762928 0.0070801271567480237 0.0024842202543860262 -0.0043675341968845505 -0.00103451064958678 0.0068931141394195398 -0.0010558591166232676 0.0011208271596982948 -0.003938277102216739
leaf_weight=399.80579653382301 202.58024850487709 2729.0487105101347 700.9551450163126 3166.5032280981541 711.39214573800564 811.95392629504204 1344.4432746320963 6569.501538798213 3448.4688962250948 92.860252633690834 896.04777249693871 421.90870626270771 160.31302545964718 2636.4452519565821 199.02664299309254 5827.5915885716677 4218.137678489089 5738.0473060309887 1285.748304516077 4278.5488896220922 8434.0586021095514 603.72980684041977
leaf_count=1617 812 10933 2816 12723 2848 3254 5400 26323 13837 372 3604 1695 644 10604 800 23426 16994 22985 5203 17152 33786 2428
internal_value=-9.17886e-05 -0.000924772 0.00118148 -0.00167618 -0.00057291 -2.61402e-05 0.000776149 9.34037e-05 0.00149757 0.00139046 0.00351263 0.0012289 -0.000606933 -0.0025093 -0.000872156 0.00184958 -0.00329757 8.17379e-05 0.00544338 -0.00170179 0.000784571 -0.000914047
internal_weight=54877.1 33218.6 21658.5 18032 7811.85 15186.6 18494.7 11362.4 4792.91 2821.91 3163.82 1478.27 1056.36 10220.1 3365.53 7132.28 6854.58 14984.1 1685.55 4989.94 9246.01 1304.68
internal_count=220256 133263 86993 72426 31305 60837 74230 45560 19237 11305 12763 5943 4248 41121 13523 28670 27598 60025 6820 20000 37040 5244
is_linear=0
shrinkage=0.03


Tree=47
num_leaves=23
num_cat=0
split_feature=67 14 66 47 55 46 74 82 5 87 90 66 56 70 87 70 88 5 29 72 43 88
split_gain=67.9912 28.1458 25.0282 25.8276 23.8253 17.0516 22.0659 15.6851 13.6549 12.1013 12.0443 13.4115 11.9606 12.9737 11.845 11.1522 10.6975 10.9902 10.3412 9.59021 9.32475 9.07446
threshold=-0.00062321155719868837 0.025291557700131206 -1.0000000180025095e-35 0.19296194768116745 0.62614541526028777 -0.69813391415724779 0.0010502322462620911 0.000794602423937807 -0.00040171202019467772 0.53119491890209136 0.14499070016121759 -0.0001758315604098448 0.0003415418173683605 -0.0016049967816434971 0.4066359397050518 0.0011885094974525281 0.5317338677870016 -0.0022693775429437064 -0.00050950297757568197 0.54513333889701709 0.037701700357947988 0.49589935906842003
decision_type=2 2 2 2 2 2 2 2 2 2 2 2 2 2 2 2 2 2 2 2 2 2
left_child=4 5 -3 15 7 16 -7 12 18 -5 -9 -12 13 -1 -8 -4 17 -2 20 -18 -6 -20
right_child=1 2 3 9 8 6 14 10 -10 -11 11 -13 -14 -15 -16 -17 19 -19 21 -21 -22 -23
leaf_value=0.0077414100216846998 -0.0076347329210191819 0.00012498463425891475 0.0011359327090372528 -0.002414394238245065 0.0029611654764315444 -0.0095878990995552707 0.002507569761595268 0.0049931889231301374 0.0016624123395711302 -0.0048653967088186367 0.0011468411670352428 -0.0020224877449767022 0.0021851829447186752 0.0014302431073805564 0.00018385427473455125 -0.0020208055073806818 0.0031533470091048366 -0.0020363424132559698 -0.00061394626187519599 -0.0024981260984931705 -0.0055564381984499643 -0.0043430650424185575
leaf_weight=796.71042273938656 439.78214916586876 4636.9024063199759 1950.9164394885302 4689.2698162347078 618.88906683027744 183.08313703536987 2417.1906609088182 546.38299548625946 1652.6123057454824 3280.58772136271 4917.7991966307163 1567.8174849003553 8434.7200871109962 531.11061859130859 11193.87318149209 2026.9274310469627 525.98154656589031 1369.2707244604826 1187.6204192191362 528.77473063766956 127.0076370537281 1299.5818398445845
leaf_count=3210 1765 18576 7826 18851 2488 734 9681 2192 6620 13230 19742 6281 33945 2133 44841 8148 2109 5489 4762 2117 511 5206
internal_value=0 -0.000852787 -0.0017273 -0.0024532 0.00130624 1.29916e-05 0.00045602 0.00184359 -0.000522489 -0.0034394 0.000743881 0.000364906 0.00262493 0.00531386 0.000604669 -0.000451062 -0.00208379 -0.00348128 -0.00166874 0.000238748 0.00133744 -0.00260807
internal_weight=54922.8 33242.6 16584.6 11947.7 21680.3 16658 13794.1 16794.5 4885.71 7969.86 7032 6485.62 9762.54 1327.82 13611.1 3977.84 2863.81 1809.05 3233.1 1054.76 745.897 2487.2
internal_count=220457 133367 66631 48055 87090 66736 55256 67503 19587 32081 28215 26023 39288 5343 54522 15974 11480 7254 12967 4226 2999 9968
is_linear=0
shrinkage=0.03


Tree=48
num_leaves=23
num_cat=0
split_feature=66 46 18 82 92 12 86 97 29 94 21 99 40 36 74 97 97 96 43 97 66 24
split_gain=70.8819 28.4647 25.9547 20.185 17.0042 23.0841 19.3808 18.863 17.3648 16.5674 16.4152 15.047 14.3276 17.3202 14.216 12.2275 12.1318 16.3423 11.2081 8.75517 17.5623 14.6085
threshold=0.000375436520060557 -0.90616864227647842 0.64615384615384719 -0.003611648504329656 -0.00030126289562948377 -0.029014277144167596 0.19115326070243827 0.63435554093529944 -0.00047309086609542689 -0.017180192368624166 2.0661927697470746 0.81174490092936691 0.71502558592933541 0.84819958553780095 0.0063701658033326457 -0.30070579950427329 -0.11969653353600833 0.065403129230143103 0.042371981031579367 -0.43245347597985045 -0.002173645788007494 -0.00237655014970739
decision_type=2 2 2 2 2 2 2 2 2 2 2 2 2 2 2 2 2 2 2 2 2 2
left_child=1 19 3 16 5 6 -3 8 -6 -9 14 -7 13 -5 15 -4 17 -2 -16 -1 21 -21
right_child=2 4 10 12 7 11 -8 9 -10 -11 -12 -13 -14 -15 18 -17 -18 -19 -20 20 -22 -23
leaf_value=0.0058317612094824188 -0.0028288123250118464 0.0019087551676771678 -0.0040523688544475663 -0.0011246767130672296 0.0021675424558548063 0.0022176932363454373 -0.0062133205465272449 0.0069668920814372655 -0.00030789138398199943 -0.0021602951124283457 -0.0057222938865536472 -0.00080348670687515591 0.0068370574518484637 -0.01248686503424808 -0.0021407803470792916 -0.0014582617276477359 0.0032323115106569758 0.0032396682763539716 0.0031568241156021385 0.0068816953301621756 0 -0.0050911864739270236
leaf_weight=1081.6641717255116 962.59592039883137 426.55566322803497 2900.8141444474459 10173.037752956152 3923.111260920763 10013.408969327807 619.8888336867094 173.1994531005621 7115.3271780759096 4188.0065197646618 1249.9871633350849 1688.0929793417454 186.95623889565468 114.13090746104717 637.90541209280491 4150.7229624390602 1793.7426439076662 663.25407464802265 774.88849811255932 789.0553312599659 1178.2702881991863 87.493844017386436
leaf_count=4366 3859 1712 11668 40792 15743 40214 2489 694 28502 16784 5057 6779 752 462 2562 16670 7190 2659 3108 3189 4745 352
internal_value=-5.16265e-05 0.000883041 -0.00129386 -0.000453544 0.000576498 0.0013869 -0.00283065 -8.8986e-05 0.000564909 -0.00176212 -0.00248474 0.00177385 -0.00111178 -0.00127148 -0.00198982 -0.00254238 0.00153374 -0.00029353 0.000703357 0.00359486 0.00235121 0.00554114
internal_weight=54892.1 31284.1 23608 13893.7 28147.6 12747.9 1046.44 15399.6 11038.4 4361.21 9714.32 11701.5 10474.1 10287.2 8464.33 7051.54 3419.59 1625.85 1412.79 3136.48 2054.82 876.549
internal_count=220348 125569 94779 55714 112917 51194 4201 61723 44245 17478 39065 46993 42006 41254 34008 28338 13708 6518 5670 12652 8286 3541
is_linear=0
shrinkage=0.03


Tree=49
num_leaves=23
num_cat=0
split_feature=71 66 18 81 91 99 74 47 95 2 87 12 95 58 19 95 56 18 12 81 72 3
split_gain=62.7885 29.5859 22.7182 16.9505 21.7492 17.6101 16.4295 20.6627 15.0328 13.6862 13.3626 15.7444 15.3714 12.268 13.3997 11.5236 11.187 11.6588 11.0966 17.4183 12.6322 11.0815
threshold=0.50977378412039542 -0.00050684570833342535 0.58571428571428585 -0.0077051044827244333 -0.28136941300979057 0.81174490092936691 0.0042675767905301478 0.20633764684519787 -1.3413187406706129 -0.00048083512298974224 0.48615310479641521 0.0067825772354221945 0.32181651517935811 0.00056928667087086007 1.4776255347195673 1.6367894111690739 0.00071599152915193573 0.13668245358152495 0.026737015278977431 0.00098982679445780452 0.63843484153274888 -0.0014563677255792216
decision_type=2 2 2 2 2 2 2 2 2 2 2 2 2 2 2 2 2 2 2 2 2 2
left_child=2 9 3 15 -5 -6 7 -3 -9 16 12 21 -4 -8 -15 -1 17 -2 20 -20 -11 -12
right_child=1 6 10 4 5 -7 13 8 -10 18 11 -13 -14 14 -16 -17 -18 -19 19 -21 -22 -23
leaf_value=0.0064071332117485733 0.0084918542396986742 -0.00082722256135989202 0.0023024924143340438 -0.0037118233614064091 0.0022146704327033568 -0.00095339614118349764 0.0064421937691507046 0.0017432653907694087 -0.0037384147336949492 -0.00037169674148921982 0.0015827364864359227 0.0026118327787940901 -0.00045749169267667467 -6.1008295589574962e-05 -0.00328063303295744 0.001444736836583574 0.00058677906199504208 0.0023118084151644057 0.014285232192170687 0 -0.0062378956712703122 -0.0024263967432820426
leaf_weight=1169.0997864305973 404.86451105773449 5587.6241506487131 3797.4400603324175 667.20978318154812 11138.946523055434 1790.9325676709414 214.51639756560326 457.24528867006302 6078.4598158895969 2546.2663091868162 711.74845571815968 875.48111714422703 3381.9956215322018 6634.1567822247744 1417.1938307285309 750.29774013161659 1919.2213418483734 1052.9103800803423 100.63206134736538 244.41983723640442 377.96820822358131 3645.4789070636034
leaf_count=4708 1622 22420 15231 2678 44772 7197 861 1839 24455 10194 2862 3508 13569 26598 5717 3017 7689 4217 403 979 1515 14604
internal_value=0.000110831 -0.000917752 0.00110971 0.00187509 0.00149044 0.0017685 -0.00148575 -0.00219042 -0.00333908 0.000810839 0.00014492 -0.000998449 0.000991009 -0.000439962 -0.000642256 0.00453151 0.00215301 0.00413566 -0.000550444 0.00440836 -0.00117927 -0.00174878
internal_weight=54964.1 27035.5 27928.6 15516.5 13597.1 12929.9 20389.2 12123.3 6535.71 6646.28 12412.1 5232.71 7179.44 8265.87 8051.35 1919.4 3377 1457.77 3269.29 345.052 2924.23 4357.23
internal_count=220655 108509 112146 62372 54647 51969 81890 48714 26294 26619 49774 20974 28800 33176 32315 7725 13528 5839 13091 1382 11709 17466
is_linear=0
shrinkage=0.03


Tree=50
num_leaves=23
num_cat=0
split_feature=66 1 47 19 74 91 95 90 7 69 1 75 3 62 18 69 54 9 82 95 84 91
split_gain=49.4458 26.5777 25.6193 21.3197 17.274 17.2092 17.6399 17.5544 14.13 11.7331 17.3689 11.204 10.9392 9.99077 9.08528 13.3122 11.1464 8.99862 8.82877 8.75337 21.0885 9.66003
threshold=-0.00040740492044549764 -5.4817321334332807e-05 0.19296194768116745 -1.3685538437554852 0.0011576079029503199 -0.054651097166734337 2.1606594214788131 0.27492696035546954 -0.00017224855413722204 -0.00024312772494911036 -0.00051844849660209736 0.10406515300353329 -0.0027069402703699947 0.002136072952339784 0.37499999999998135 0.00024444783377841622 0.72863744182878853 -0.0013324526544830071 0.0033317696248473809 0.28258681929652535 -0.00016606162984761361 0.21654857675032241
decision_type=2 2 2 2 2 2 2 2 2 2 2 2 2 2 2 2 2 2 2 2 2 2
left_child=3 4 13 14 8 6 -4 -7 -2 10 -6 -5 -11 -3 16 -16 17 -1 -15 20 -13 -21
right_child=1 2 5 11 9 7 -8 -9 -10 12 -12 19 -14 18 15 -17 -18 -19 -20 21 -22 -23
leaf_value=0.00015330861487417884 0 -0.00036351670501065688 -0.00043123495109512639 -0.0067850824205646547 0.00012312761818914284 -0.0043856407263873744 -0.0078550660556616497 -0.0012205402493707818 -0.01323480198195363 -0.0041811725887899252 0.0037811221255713637 0.0025877748383210642 -3.0724224462989949e-05 0.0064662509072996345 -0.0018157082326899308 0.0052732895390766102 0.0052679149124333895 0.0036554225576788143 -0.00091932326483376353 -0.00067910331465460339 -0.00010870030087865299 0.0030314790928875489
leaf_weight=1300.6934345215559 123.95942944288254 5464.2389245480299 4467.4555043578148 175.82406167685986 3279.4362379312515 4680.743612781167 301.4947170317173 2527.798866122961 145.34358440339565 608.28464733064175 1853.0516281276941 4797.7585324048996 8203.7930724024773 373.59115743637085 806.09649370610714 325.31266231834888 1636.2266466319561 1462.3060186505318 200.13522757589817 5790.7368138730526 5576.617957085371 694.19412064552307
leaf_count=5243 497 21927 17948 705 13159 18840 1209 10171 583 2436 7427 19263 32865 1498 3254 1305 6613 5868 803 23242 22358 2782
internal_value=-3.84937e-05 -0.000794056 -0.00155945 0.00103652 0.000170135 -0.00236222 -0.000934859 -0.00329144 -0.00720345 0.000324047 0.00146611 0.000503883 -0.00033184 1.93846e-05 0.00265699 0.000172075 0.00327382 0.00204574 0.00376412 0.000589211 0.00113094 -0.000263983
internal_weight=54795.1 32229.3 18015.5 22565.8 14213.9 11977.5 4768.95 7208.54 269.303 13944.6 5132.49 17035.1 8812.08 6037.97 5530.64 1131.41 4399.23 2763 573.726 16859.3 10374.4 6484.93
internal_count=219996 129363 72396 90633 56967 48168 19157 29011 1080 55887 20586 68350 35301 24228 22283 4559 17724 11111 2301 67645 41621 26024
is_linear=0
shrinkage=0.03


Tree=51
num_leaves=23
num_cat=0
split_feature=67 14 14 64 68 81 95 73 92 91 75 0 34 81 5 46 92 67 0 15 81 46
split_gain=60.559 24.9172 16.9515 14.5247 14.8698 12.0527 15.4399 11.8449 11.7218 15.9981 11.5104 10.6614 16.4806 10.2109 11.0102 15.0813 10.3699 9.8092 9.47484 9.33922 14.9526 10.4549
threshold=-0.00062321155719868837 0.018923525032143593 0.049323701792863085 0.00091853159109700933 0.0016144430223002939 0.0007685730968648442 -1.0057389860085955 0.53406145905807534 0.00013446867460287229 0.21654857675032241 0.198620527786841 0.0012747977414328149 -0.0021083540977550603 -0.0061062801804396818 -0.00080083979363609881 -0.5664227414103018 -0.0007973204240556141 -7.8660308423905687e-05 0.00049138043567289091 0.5632279055751922 0.0016269367575061369 -0.89685448753699903
decision_type=2 2 2 2 2 2 2 2 2 2 2 2 2 2 2 2 2 2 2 2 2 2
left_child=2 8 11 5 7 -3 -7 -5 18 -10 -6 12 -1 -4 16 -16 -15 -11 -2 20 -13 -21
right_child=1 3 13 4 10 6 -8 -9 9 17 -12 19 -14 14 15 -17 -18 -19 -20 21 -22 -23
leaf_value=0.009854553763870998 -0.0058182544918765899 -0.0018829530224669508 0.0026832214414284068 0.0009879315459096693 5.6380535149798186e-05 -0.0001663795355822643 -0.0073181369822300883 -0.0018907310013622377 -0.0012108853168814428 -0.004492518534697976 -0.0027135352317542586 0.0065178899667302755 0.0025275369431479156 0.00064781846689818817 0.004337431383610842 -3.8838769773158176e-05 -0.0020929336044989534 0.003674172987618558 0.0010610002016762973 0.0029784685504569714 0 0.00063625005346008509
leaf_weight=369.53731355071068 171.19235260784626 2543.7094243317842 1383.6920380443335 3857.6199128031731 1724.1675542294979 401.83348861336708 1044.3368445932865 1916.4808267503977 7651.3407461196184 134.57537531852722 5312.3231763541698 807.790173843503 1289.9427294135094 2034.5687475204468 986.78043694794178 2315.1205651760101 3016.5517374575138 991.30348239839077 7558.063380241394 2379.8453555554152 499.40632294118404 6659.3084509968758
leaf_count=1497 686 10211 5560 15457 6946 1617 4211 7691 30655 539 21392 3243 5182 8173 3953 9274 12088 3971 30285 9618 2001 26779
internal_value=1.27886e-05 -0.000789416 0.0012456 -0.00160251 -0.00109793 -0.0031933 -0.00540754 1.52983e-05 3.31756e-05 -0.000710981 -0.00202293 0.00200088 0.0042623 0.000303988 -8.21115e-05 0.00125099 -0.00097209 0.00258782 0.000889684 0.0016257 0.00401984 0.00126547
internal_weight=55049.5 33306.9 21742.5 16800.5 12810.6 3989.88 1446.17 5774.1 16506.5 8777.22 7036.49 12005.8 1659.48 9736.71 8353.02 3301.9 5051.12 1125.88 7729.26 10346.4 1307.2 9039.15
internal_count=221029 133661 87368 67525 51486 16039 5828 23148 66136 35165 28338 48320 6679 39048 33488 13227 20261 4510 30971 41641 5244 36397
is_linear=0
shrinkage=0.03


Tree=52
num_leaves=23
num_cat=0
split_feature=1 92 21 64 91 97 77 17 24 64 81 89 81 76 72 97 85 95 70 71 26 89
split_gain=41.7061 30.0583 24.1827 23.2785 21.8097 20.7411 15.7229 13.9387 13.5646 16.0135 11.7804 14.4104 12.1644 11.2019 12.2463 10.9114 10.7957 9.55795 9.00898 8.95915 8.81832 8.79959
threshold=-6.5339151381627034e-05 -0.00021427510490967802 1.3646584501971424 0.0021605620346618454 -0.35493405348105744 0.46174861323503363 0.00040358644113636105 0.79427295041193735 0.0022526621595548861 0.0028477589903497017 -0.0074412161926584721 0.011306125022744284 -0.0034007322584223561 -0.12535387067420176 0.6285306580665796 0.076279435988900593 -0.035016759513810329 -1.3743223016839332 0.025810764947551194 0.67704075114371987 0.0077401104197929458 0.0086942421641951328
decision_type=2 2 2 2 2 2 2 2 2 2 2 2 2 2 2 2 2 2 2 2 2 2
left_child=6 2 4 13 -2 -6 10 18 9 -5 -1 15 -13 -3 -15 -12 -4 -18 19 -8 -10 -9
right_child=1 3 16 8 5 -7 7 21 20 -11 11 12 -14 14 -16 -17 17 -19 -20 -21 -22 -23
leaf_value=0.0038489013953748649 -0.0064794710556160722 -0.009507846900051806 0.0027723844516074556 0.00031279885859181872 0.0002453544547939295 0.0031872871739164364 0.00054107618268041228 -0.00089288037701626963 0.0023390041978901535 0.0074881078139919788 0.0025222890941048134 -0.004362857413390285 0.00039788840543283227 -0.0016174345708857977 -0.0039938814706474363 0.00057633701890777954 0.0026649146639487063 -0.0029540803963266013 0.0041707827530550363 -0.0014205317515205988 -0.002683553028912405 -0.012689884289523482
leaf_weight=1736.4053146541119 325.13135014474392 185.36236576735973 378.39936371147633 750.98119711875916 6321.2018070816994 3326.420447409153 7579.22463747859 142.01610435545444 431.90867879986763 465.74988068640232 5914.3815693855286 658.06842711567879 1644.0034896582365 9978.7058893740177 2532.2710744589567 4879.8453535139561 275.55936573445797 2944.3822257369757 477.6991131156683 2884.7707891911268 996.62904953956604 114.00766749680042
leaf_count=6996 1303 744 1520 3008 25352 13345 30344 570 1734 1866 23784 2648 6608 40050 10228 19619 1108 11839 1913 11568 4014 457
internal_value=-4.80559e-08 -0.000785817 0.000236825 -0.00169587 0.00100333 0.00127128 0.000869238 1.23974e-05 0.000837122 0.00317144 0.00150959 0.00118986 -0.000937072 -0.00223094 -0.00210843 0.00165224 -0.0018595 -0.00243859 0.000185206 0 -0.00109675 -0.00676396
internal_weight=54943.1 28912.7 13571.1 15341.6 9972.75 9647.62 26030.4 11197.7 2645.27 1216.73 14832.7 13096.3 2302.07 12696.3 12511 10794.2 3598.34 3219.94 10941.7 10464 1428.54 256.024
internal_count=220618 116111 54467 61644 40000 38697 104507 44852 10622 4874 59655 52659 9256 51022 50278 43403 14467 12947 43825 41912 5748 1027
is_linear=0
shrinkage=0.03


Tree=53
num_leaves=23
num_cat=0
split_feature=66 18 67 55 89 82 62 97 16 67 56 80 90 2 56 29 97 24 75 17 2 66
split_gain=49.5826 29.8164 22.4552 21.2903 16.831 18.2671 16.1458 17.5448 14.5367 14.4056 14.2599 13.706 11.7525 11.396 11.1759 10.0332 9.19131 9.09538 9.07325 8.99179 8.84025 8.71646
threshold=-0.00040740492044549764 0.46637205195457976 0.0010212503555357968 0.62614541526028777 0.0030079590273587573 0.00058174054339887882 0.0010343410148986362 -0.63435554093529922 0.021253688193887673 -0.00057127894806158197 0.00035254342402075734 1.9577225175495998 0.11464362113591704 -0.00095344238403766146 0.0035441421964984622 0.00015947282350692318 -0.32143946530316164 0.0030878573959848281 0.12784631872456895 0.037294029316279211 -0.0015579027920197273 -0.00029295424865793945
decision_type=2 2 2 2 2 2 2 2 2 2 2 2 2 2 2 2 2 2 2 2 2 2
left_child=3 4 21 9 19 16 12 -8 17 10 -1 18 -4 -10 -7 -15 -6 -5 -11 -2 -12 -3
right_child=1 2 6 8 5 14 7 -9 13 11 20 -13 -14 15 -16 -17 -18 -19 -20 -21 -22 -23
leaf_value=0.0046274093175298885 -0.010859143765956687 -0.0043212630534573589 0.0049511184905969268 0.0009712508773384211 3.9040931305101741e-05 -0.0010377221741653055 -0.0045366679547703377 -0.00099268761368168481 0.002201600327819405 -0.0053145253637750514 0.0026882127821787442 0.0093829964317986812 -0.0052806005693453988 -0.0047142868899357664 0.0053496440703038831 -0.0010340294224472643 0.0022593686247099759 0.010370980669201245 0.00025447294114061986 0 0.00085872030983423302 -0.00034283418179082651
leaf_weight=1677.8462470620871 178.55806292593479 524.88710610568523 88.931183606386185 1276.7187481224537 2909.7667992562056 6616.5702220797539 1737.6702069044113 4885.4914368987083 493.75227311253548 266.35251186788082 4123.375027731061 133.29163789749146 2341.375269010663 1204.6594667583704 242.43812550604343 1676.7313915491104 4244.6385801881552 94.292430534958839 5558.1944715976715 124.08879986405373 6132.5455542802811 8301.9532730579376
leaf_count=6756 716 2104 359 5117 11667 26525 7010 19648 1984 1067 16648 534 9444 4832 971 6718 17017 378 22272 498 24635 33294
internal_value=-0.000110293 -0.000868095 -0.00168506 0.000963419 0.000146443 0.000305967 -0.00273683 -0.0019415 -0.000809473 0.00143894 0.00204094 0.000216624 -0.00485056 -0.00187919 -0.000791393 -0.00261479 0.00137022 0.00175331 0 -0.00672564 0.00160493 -0.000594218
internal_weight=54834.1 32196.4 17880.3 22637.8 14316.1 14013.4 9053.47 6623.16 4746.15 17891.6 11933.8 5957.84 2430.31 3375.14 6859.01 2881.39 7154.41 1371.01 5824.55 302.647 10255.9 8826.84
internal_count=220194 129253 71859 90941 57394 56180 36461 26658 19029 71912 48039 23873 9803 13534 27496 11550 28684 5495 23339 1214 41283 35398
is_linear=0
shrinkage=0.03


Tree=54
num_leaves=23
num_cat=0
split_feature=67 53 81 40 87 71 89 60 10 77 56 47 89 92 6 56 50 1 88 0 86 92
split_gain=43.4291 27.6906 22.0856 14.9356 14.736 22.9289 16.5339 13.255 15.2159 13.535 11.9875 17.2049 13.6284 10.8965 9.93367 9.63147 9.27581 9.07648 11.78 11.4725 9.07338 9.04378
threshold=-0.00076816480945890431 0.022893492293160584 -0.0051895891929525364 0.71502558592933541 0.27665262680151076 0.39977823693032899 0.0033649832597788094 0.00068990974216965705 -0.0044417951759301291 -0.00041195735881222045 0.0027989863341113187 0.20633764684519787 0.0082410037536480314 0.011702042022719296 0.0017111990963301074 0.00033598305797225399 0.037391368293377407 -0.00025033900083915034 0.54518710503049794 0.0013727112645886403 0.3748943038269969 0.020030146729771329
decision_type=2 2 2 2 2 2 2 2 2 2 2 2 2 2 2 2 2 2 2 2 2 2
left_child=2 4 14 10 -2 20 -7 8 15 -10 11 -3 -12 -5 16 -4 -1 18 -9 -19 -6 -15
right_child=1 3 7 13 5 6 -8 17 9 -11 12 -13 -14 21 -16 -17 -18 19 -20 -21 -22 -23
leaf_value=0.0040551261114235111 -0.0045594395562489325 -0.00063004759129941439 0.01673739639503749 0.0095176415652665387 0.0052546221033923212 -0.0056499011046051879 -5.1331380490660741e-05 9.7601586448298509e-05 5.8766567523108368e-05 0.0053407708020974847 0.0079557211810015287 -0.003006976336990676 -0.00047896836607193077 -0.0073827917223638351 -0.0037996732751414261 0.0040557462244961255 -0.00090540357266006481 -0.0039210077875795448 0.0027833488763355013 -7.2437128086290975e-05 0.0010090466605714326 0.0043915687963083675
leaf_weight=3049.8531636148691 613.57927113771439 4290.6469376087189 96.13483726978302 165.46031613647938 979.66533224284649 479.50087459385395 17198.660208404064 4316.1064738929272 1497.4502597749233 627.99792920053005 197.10424321889877 8173.0698440819979 939.60486690700054 89.601892948150635 155.64663809537888 184.30721382796764 345.50803223252296 766.90731798112392 2279.3446410447359 7342.8451930880547 962.22081007063389 130.71430268883705
leaf_count=12294 2458 17237 389 669 3929 1922 68931 17387 6025 2516 792 32891 3772 362 624 744 1390 3076 9168 29445 3858 526
internal_value=-7.22989e-05 -0.000729519 0.00101164 -0.00175551 -1.53537e-05 0.000124419 -0.000211383 0.00055755 0.00262035 0.00167927 -0.00192596 -0.00219709 0.000961737 0.00392288 0.00316675 0.00913945 0.00352274 0.000212393 0.00104221 -0.000451846 0.00321296 -0.000118895
internal_weight=54881.9 34219.8 20662.1 13986.2 20233.6 19620 17678.2 17111.1 2405.89 2125.45 13600.4 12463.7 1136.71 385.777 3551.01 280.442 3395.36 14705.2 6595.45 8109.75 1941.89 220.316
internal_count=220405 137347 83058 56249 81098 78640 70853 68750 9674 8541 54692 50128 4564 1557 14308 1133 13684 59076 26555 32521 7787 888
is_linear=0
shrinkage=0.03


Tree=55
num_leaves=23
num_cat=0
split_feature=35 91 24 82 88 20 98 95 78 96 94 20 43 64 81 42 69 78 13 66 87 6
split_gain=43.9285 14.9463 20.5778 17.9006 13.5867 13.4283 12.8876 18.0792 12.6737 13.6597 13.6004 11.2918 11.3838 10.9164 15.2543 10.8929 15.5692 11.6817 10.6064 10.4455 10.1701 9.60912
threshold=0.55523386097735405 -0.28136941300979057 -0.0042339983255026406 0.00053703322874465453 0.59625716678115026 -0.00094063140176198201 -0.8783796973249266 -1.1519016694243807 0.00041159616667674209 0.90159026428466926 0.030877005401771854 -0.00082563249126121885 -0.1032798433893158 0.00067734312209490153 0.0021361902767088607 0.82657919605620733 0.0017586930371320533 0.0023564315601054546 -4.743686748076569e-06 -0.00034901799532832673 0.48615310479641521 0.006036260727238619
decision_type=2 2 2 2 2 2 2 2 2 2 2 2 2 2 2 2 2 2 2 2 2 2
left_child=1 2 -1 4 20 -6 7 15 9 -9 -10 -8 21 14 -5 16 -2 -17 -14 -15 -3 -13
right_child=6 3 -4 13 5 -7 11 8 10 -11 -12 12 18 19 -16 17 -18 -19 -20 -21 -22 -23
leaf_value=0.0022795962742829553 0 0.0018332864256107963 -0.0050831910479749243 -0.0010310076658142308 0.0074938513485307001 0.0019397945010542006 0.0057981366683495838 -0.0025714925851852374 -0.0068448767927515855 0.0089816695391612932 0.0027002219346051351 -0.0024717284423838057 -0.0029412245634253755 0.00095412466509861376 -0.010421073648147575 0.00065502675038502469 0.011372370537213952 -0.011053687722957443 -0.00041392958859433863 -0.00081129346590823597 0.00026971615532138811 -0.011577566001092599
leaf_weight=525.25775936245918 326.30506651103497 9252.6839434951544 885.10140086710453 878.05439235270023 634.95606264472008 1190.864227771759 223.2878028601408 792.04458706080914 1303.2573363631964 92.094941377639771 129.98782762885094 528.3108065277338 1657.5291703045368 8018.1007077544928 188.61380775272846 201.51162187755108 155.46040900051594 101.8123964369297 16373.730562776327 4779.3666825741529 6541.3349486738443 138.92845219373703
leaf_count=2114 1308 37216 3548 3520 2558 4773 894 3174 5252 369 523 2120 6660 32173 756 810 625 411 65793 19136 26271 558
internal_value=1.71751e-05 0.000712972 -0.00228097 0.000850628 0.00148503 0.00395062 -0.0010178 -0.00281706 -0.0041534 -0.00118043 -0.00590412 -0.000716702 -0.000802367 3.73981e-05 -0.00285637 0.00101692 0.0038757 -0.00321518 -0.000652742 0.000287662 0.00119199 -0.00464354
internal_weight=54918.6 32894.3 1410.36 31484 17619.8 1825.82 22024.3 3102.47 2317.38 884.14 1433.25 18921.8 18698.5 13864.1 1066.67 785.089 481.765 303.324 18031.3 12797.5 15794 667.239
internal_count=220562 132065 5662 126403 70818 7331 88497 12472 9318 3543 5775 76025 75131 55585 4276 3154 1933 1221 72453 51309 63487 2678
is_linear=0
shrinkage=0.03


Tree=56
num_leaves=23
num_cat=0
split_feature=77 99 2 18 6 97 80 29 84 97 98 74 83 90 5 88 61 12 64 66 90 75
split_gain=39.0188 21.9026 20.2284 18.7228 15.8686 18.4791 14.6752 13.4214 17.0193 17.487 15.7106 13.5625 12.7228 12.0444 11.5575 11.454 11.4004 23.2997 13.9926 11.534 11.1172 10.1152
threshold=0.00038232065255494613 0.81174490092936691 -0.0023374869211027489 0.51554979850320681 0.0018729590907968776 -0.45201865172701744 0.93351741913019926 -0.00025011072608571711 -0.0017890687472255638 -0.26932402956675622 -0.8783796973249266 0.0044609897554406981 -0.025958459682406506 0.22607758267405836 0.002961092066145699 0.69222866421294038 0.45833333333333343 -0.0046308297595785133 0.0016763100093546476 -0.00062386604463765527 0.19261480503038034 0.11859047870688624
decision_type=2 2 2 2 2 2 2 2 2 2 2 2 2 2 2 2 2 2 2 2 2 2
left_child=1 7 -3 16 14 6 -6 10 9 -9 11 -1 -4 -10 15 -5 17 18 -2 -19 -7 -12
right_child=3 2 12 4 5 20 -8 8 13 -11 21 -13 -14 -15 -16 -17 -18 19 -20 -21 -22 -23
leaf_value=0.0055919400836313971 -0.014597347386313676 0.0035422882123838377 -0.010761368229884698 -0.0011033101176984481 -0.0065019364196412036 -0.0040880426354616183 -0.0014834648271739761 -0.00024647616361031364 -0.0020562332597499448 0.0027833437801668861 -0.0036455825916624869 -0.00015202291327061005 -0.0016637547994997127 0.00053443962550545694 0.0044271568946270727 0.0066350753350017701 0.00048186247011758527 0.0026343535499862183 -0.002503575597921151 -0.001904963183882159 -0.00060662014635821709 0.0015230926958331125
leaf_weight=1555.8048688918352 175.34886121749878 669.17246530950069 139.37240812182426 4249.7602700293064 1526.0864077955484 1095.1276890784502 887.63785228133202 2924.8603114336729 2975.2929235249758 3961.2503541111946 333.18867661058903 444.31509684026241 3520.1596718430519 3428.6206195801497 408.21493095159531 166.94656752049923 9734.715717881918 697.47726087272167 211.26798422634602 1684.7726553678513 3641.6715444922447 10482.910952553153
leaf_count=6278 702 2700 559 17049 6165 4416 3597 11721 11915 15879 1339 1793 14125 13730 1639 669 39026 2795 846 6747 14669 42197
internal_value=7.6043e-05 0.000794604 -0.00116969 -0.000813634 -0.00166088 -0.00255877 -0.00470728 0.00112408 0.00044656 0.00148489 0.00181873 0.00427677 -0.00206314 -0.000656498 -0.00030906 -0.000776149 0 -0.00169648 -0.00844534 -0.00053286 -0.00143739 0.00135234
internal_weight=54914 30434.9 4328.7 24479 11975.4 7150.52 2413.72 26106.2 13290 6886.11 12816.2 2000.12 3659.53 6403.91 4824.92 4416.71 12503.6 2768.87 386.617 2382.25 4736.8 10816.1
internal_count=220556 122236 17384 98320 48204 28847 9762 104852 53245 27600 51607 8071 14684 25645 19357 17718 50116 11090 1548 9542 19085 43536
is_linear=0
shrinkage=0.03


Tree=57
num_leaves=23
num_cat=0
split_feature=67 89 53 37 80 12 0 95 20 73 73 39 94 86 2 68 86 94 0 39 72 83
split_gain=47.3175 23.3224 21.2613 16.1466 12.4104 14.3322 16.8095 12.4081 12.3827 14.7429 11.8548 16.2795 11.3044 15.9245 10.2635 10.3037 10.1603 24.8468 15.119 10.1228 8.57103 9.40459
threshold=0.00017310681657678464 0.0041625441249699231 0.034603797826563816 0.31525780893973515 1.0748893736115466 -0.00093683244602943405 0.0027017622237624941 0.25396552627075203 -0.00019127138227670312 0.42469132027259282 0.35120834764285741 0.45513300553706765 -0.02850534846365543 0.24258558626809065 -0.00078792958444351402 -0.00018046616110978239 0.45265662852584215 0.0087143740109489904 0.002167555040649151 0.35680480194301906 0.82795715232489109 0.0025910783009173159
decision_type=2 2 2 2 2 2 2 2 2 2 2 2 2 2 2 2 2 2 2 2 2 2
left_child=3 14 10 12 5 7 -7 -5 -6 -10 -3 -12 13 -1 -2 -16 18 -18 -14 -15 21 -4
right_child=1 2 20 4 8 6 -8 -9 9 -11 11 -13 16 19 15 -17 17 -19 -20 -21 -22 -23
leaf_value=0.0030337378243148329 0.0022319022590752227 -0.0057704323339032035 -0.0010327992967833503 0.0024439239358799722 0.00082081086034653723 -0.00056456422528664289 0.0020870709289079765 0.0001158719494159638 0.00052215085181849257 -0.0052240747357203991 0.0030079784161521029 -0.00021427334941388109 0.007877002385114986 -0.012361800242074618 0.00056134033513364036 -0.0067313496369625515 -0.0014667713013341705 0.0054128700506807566 0.0023087936692733685 0 0.0047743152410988183 -0.0028720627383276858
leaf_weight=273.99300560355186 146.94676533341408 301.585584461689 5836.1181171685457 6012.2452559024096 1292.3352113366127 9085.3691275119781 2805.8093345910311 3260.541056483984 607.48710437119007 1033.7449085265398 1579.0729941576719 12390.35143147409 772.57191233336926 134.82754920423031 179.42871095240116 1074.6978531628847 1094.2542099505663 800.68950694799423 1179.2549607902765 95.897880464792252 161.2832809984684 4708.9446482509375
leaf_count=1106 589 1208 23466 24131 5196 36420 11250 13091 2439 4144 6331 49674 3135 545 719 4324 4429 3244 4773 388 649 18975
internal_value=-4.187e-05 -0.000958497 -0.00074191 0.000804918 0.000496008 0.00075228 5.47739e-05 0.00163603 -0.00131854 -0.00305238 1.01428e-05 0.000145416 0.00248989 -0.00159097 -0.00472325 -0.0056206 0.0030514 0.00140606 0.00458759 -0.00735468 -0.00175183 -0.0018646
internal_weight=54827.5 26378.4 24977.4 28449 24097.5 21164 11891.2 9272.79 2933.57 1641.23 14271 13969.4 4351.49 504.718 1401.07 1254.13 3846.77 1894.94 1951.83 230.725 10706.3 10545.1
internal_count=220226 105935 100303 114291 96671 84892 47670 37222 11779 6583 57213 56005 17620 2039 5632 5043 15581 7673 7908 933 43090 42441
is_linear=0
shrinkage=0.03


end of trees

feature_importances:
hour_cos=72
m15_ret1=54
h1_rsi7=35
m15_ret2=34
rsi7=31
h1_ret1=29
rsi9=28
m15_rsi7=27
h1_volz20=27
ret2=26
vol48=26
h1_atrp=26
dow_sin=25
adx5=24
m15_atrp=24
z10=23
rsi5=23
m15_ret3=23
h1_di=23
ret1=21
h1_ret2=21
h1_ret6=21
close_pos=20
buy_pressure=20
m15_adx=20
ret72=19
body=17
h1_rsi14=17
atrp=16
z5=16
h1_ema9_gap=16
h1_ema21_gap=16
vol3=15
ema5_gap=14
m15_rsi14=14
m15_ema9_gap=14
h1_ret3=14
h1_ema50_gap=14
willr14=13
h1_adx=13
m15_rsi28=12
ma80_gap=11
rsi14=11
rsi21=10
volz50=10
volz100=10
vol24=10
m15_ret6=10
m15_di=10
m15_volz20=10
rsi28=9
m15_ema50_gap=9
hour_sin=9
ret3=8
ret6=8
bb_pos=8
vol12=8
ret36=7
ma5_gap=7
ma20_gap=7
ma40_gap=7
ema12_gap=7
stoch_k=7
bb_width=7
m15_ema21_gap=7
h1_ret12=7
h1_rsi28=7
ret9=6
range=6
ma10_gap=6
z40=6
m15_ret12=6
gap1=5
z20=5
stoch_d=5
stoch_diff=5
di5=5
dow_cos=5
ret4=4
lower_wick=4
z80=4
cci20=4
ret12=3
ret48=3
ema21_gap=3
ema34_gap=3
ema55_gap=3
mfi14=3
vol6=3
ret18=2
ret24=2
volz10=2
upfrac3=2
upfrac48=2
upper_wick=1
ema9_gap=1
volz20=1
upfrac12=1
upfrac24=1

parameters:
[boosting: gbdt]
[objective: binary]
[metric: binary_logloss]
[tree_learner: serial]
[device_type: cpu]
[data_sample_strategy: bagging]
[data: ]
[valid: ]
[num_iterations: 58]
[learning_rate: 0.03]
[num_leaves: 23]
[num_threads: 6]
[seed: 42]
[deterministic: 0]
[force_col_wise: 0]
[force_row_wise: 0]
[histogram_pool_size: -1]
[max_depth: 5]
[min_data_in_leaf: 350]
[min_sum_hessian_in_leaf: 0.001]
[bagging_fraction: 0.7]
[pos_bagging_fraction: 1]
[neg_bagging_fraction: 1]
[bagging_freq: 1]
[bagging_seed: 400]
[bagging_by_query: 0]
[feature_fraction: 0.6]
[feature_fraction_bynode: 1]
[feature_fraction_seed: 30056]
[extra_trees: 0]
[extra_seed: 12879]
[early_stopping_round: 0]
[early_stopping_min_delta: 0]
[first_metric_only: 0]
[max_delta_step: 0]
[lambda_l1: 3]
[lambda_l2: 10]
[linear_lambda: 0]
[min_gain_to_split: 0]
[drop_rate: 0.1]
[max_drop: 50]
[skip_drop: 0.5]
[xgboost_dart_mode: 0]
[uniform_drop: 0]
[drop_seed: 17869]
[top_rate: 0.2]
[other_rate: 0.1]
[min_data_per_group: 100]
[max_cat_threshold: 32]
[cat_l2: 10]
[cat_smooth: 10]
[max_cat_to_onehot: 4]
[top_k: 20]
[monotone_constraints: ]
[monotone_constraints_method: basic]
[monotone_penalty: 0]
[feature_contri: ]
[forcedsplits_filename: ]
[refit_decay_rate: 0.9]
[cegb_tradeoff: 1]
[cegb_penalty_split: 0]
[cegb_penalty_feature_lazy: ]
[cegb_penalty_feature_coupled: ]
[path_smooth: 0]
[interaction_constraints: ]
[verbosity: -1]
[saved_feature_importance_type: 0]
[use_quantized_grad: 0]
[num_grad_quant_bins: 4]
[quant_train_renew_leaf: 0]
[stochastic_rounding: 1]
[linear_tree: 0]
[max_bin: 255]
[max_bin_by_feature: ]
[min_data_in_bin: 3]
[bin_construct_sample_cnt: 200000]
[data_random_seed: 175]
[is_enable_sparse: 1]
[enable_bundle: 1]
[use_missing: 1]
[zero_as_missing: 0]
[feature_pre_filter: 1]
[pre_partition: 0]
[two_round: 0]
[header: 0]
[label_column: ]
[weight_column: ]
[group_column: ]
[ignore_column: ]
[categorical_feature: ]
[forcedbins_filename: ]
[precise_float_parser: 0]
[parser_config_file: ]
[objective_seed: 16083]
[num_class: 1]
[is_unbalance: 0]
[scale_pos_weight: 1]
[sigmoid: 1]
[boost_from_average: 1]
[reg_sqrt: 0]
[alpha: 0.9]
[fair_c: 1]
[poisson_max_delta_step: 0.7]
[tweedie_variance_power: 1.5]
[lambdarank_truncation_level: 30]
[lambdarank_norm: 1]
[label_gain: ]
[lambdarank_position_bias_regularization: 0]
[eval_at: ]
[multi_error_top_k: 1]
[auc_mu_weights: ]
[num_machines: 1]
[local_listen_port: 12400]
[time_out: 120]
[machine_list_filename: ]
[machines: ]
[gpu_platform_id: -1]
[gpu_device_id: -1]
[gpu_use_dp: 0]
[num_gpu: 1]

end of parameters

pandas_categorical:[]
